{"level":"info","message":"Redis URL не встановлено, використовується in-memory кеш","timestamp":"2025-09-13 15:08:51:851"}
{"level":"info","message":"Cloudinary сконфігуровано успішно","timestamp":"2025-09-13 15:08:51:851"}
{"level":"warn","message":"Mongoose втрачено з'єднання з MongoDB","timestamp":"2025-09-13 15:08:56:856"}
{"level":"info","message":"Redis URL не встановлено, використовується in-memory кеш","timestamp":"2025-09-13 15:14:00:140"}
{"level":"info","message":"Cloudinary сконфігуровано успішно","timestamp":"2025-09-13 15:14:00:140"}
{"level":"warn","message":"Mongoose втрачено з'єднання з MongoDB","timestamp":"2025-09-13 15:14:05:145"}
{"level":"info","message":"Redis URL не встановлено, використовується in-memory кеш","timestamp":"2025-09-13 15:14:30:1430"}
{"level":"info","message":"Cloudinary сконфігуровано успішно","timestamp":"2025-09-13 15:14:30:1430"}
{"level":"warn","message":"Mongoose втрачено з'єднання з MongoDB","timestamp":"2025-09-13 15:14:35:1435"}
{"level":"info","message":"Redis URL не встановлено, використовується in-memory кеш","timestamp":"2025-09-13 15:17:21:1721"}
{"level":"info","message":"Cloudinary сконфігуровано успішно","timestamp":"2025-09-13 15:17:22:1722"}
{"level":"warn","message":"Mongoose втрачено з'єднання з MongoDB","timestamp":"2025-09-13 15:17:27:1727"}
{"level":"info","message":"Redis URL не встановлено, використовується in-memory кеш","timestamp":"2025-09-13 15:19:34:1934"}
{"level":"info","message":"Cloudinary сконфігуровано успішно","timestamp":"2025-09-13 15:19:34:1934"}
{"level":"warn","message":"Mongoose втрачено з'єднання з MongoDB","timestamp":"2025-09-13 15:19:39:1939"}
{"level":"info","message":"Redis URL не встановлено, використовується in-memory кеш","timestamp":"2025-09-13 15:20:32:2032"}
{"level":"info","message":"Cloudinary сконфігуровано успішно","timestamp":"2025-09-13 15:20:32:2032"}
{"level":"warn","message":"Mongoose втрачено з'єднання з MongoDB","timestamp":"2025-09-13 15:20:37:2037"}
{"level":"info","message":"Cloudinary сконфігуровано успішно","timestamp":"2025-09-13 15:27:08:278"}
{"cloudinaryCloudName":"set","jwtAccessSecret":"set","level":"info","message":"Перевірка конфігурації змінних середовища:","mongodbUri":"set","nodeEnv":"development","port":"3000","redisUrl":"set","timestamp":"2025-09-13 15:27:08:278"}
{"level":"info","message":"Конфігурація перевірена успішно","timestamp":"2025-09-13 15:27:08:278"}
{"level":"info","message":"Redis підключено","timestamp":"2025-09-13 15:27:08:278"}
{"level":"info","message":"Redis підключено для sync сервісу","timestamp":"2025-09-13 15:27:08:278"}
{"level":"info","message":"Redis підключено для violations сервісу","timestamp":"2025-09-13 15:27:08:278"}
{"level":"info","message":"Redis підключено для cloudinary сервісу","timestamp":"2025-09-13 15:27:08:278"}
{"level":"info","message":"Redis підключено для user.repository","timestamp":"2025-09-13 15:27:08:278"}
{"level":"info","message":"Mongoose підключено до MongoDB","timestamp":"2025-09-13 15:27:09:279"}
{"level":"info","message":"Успішно підключено до MongoDB: mongodb+srv://CourseDb:f85iYne04HZelgO6@coursework.h6pcwbr.mongodb.net/?retryWrites=true&w=majority&appName=CourseWork","timestamp":"2025-09-13 15:27:09:279"}
{"level":"info","message":"База даних успішно підключена","timestamp":"2025-09-13 15:27:09:279"}
{"environment":"development","host":"0.0.0.0","level":"info","message":"🚀 Сервер запущено на http://0.0.0.0:3000","pid":2152,"port":"3000","timestamp":"2025-09-13 15:27:09:279"}
{"cloudinaryUrl":"not set","jwtSecret":"***","level":"info","message":"Серверна конфігурація:","mongodbUri":"***","nodeEnv":"development","redisUrl":"set","timestamp":"2025-09-13 15:27:09:279"}
{"level":"warn","message":"Примусове завершення через таймаут 30 секунд","timestamp":"2025-09-13 15:27:39:2739"}
{"level":"info","message":"Cloudinary сконфігуровано успішно","timestamp":"2025-09-13 15:29:23:2923"}
{"cloudinaryCloudName":"set","jwtAccessSecret":"set","level":"info","message":"Перевірка конфігурації змінних середовища:","mongodbUri":"set","nodeEnv":"development","port":"3000","redisUrl":"set","timestamp":"2025-09-13 15:29:23:2923"}
{"level":"info","message":"Конфігурація перевірена успішно","timestamp":"2025-09-13 15:29:23:2923"}
{"level":"info","message":"Redis підключено","timestamp":"2025-09-13 15:29:23:2923"}
{"level":"info","message":"Redis підключено для user.repository","timestamp":"2025-09-13 15:29:23:2923"}
{"level":"info","message":"Redis підключено для cloudinary сервісу","timestamp":"2025-09-13 15:29:23:2923"}
{"level":"info","message":"Redis підключено для violations сервісу","timestamp":"2025-09-13 15:29:23:2923"}
{"level":"info","message":"Redis підключено для sync сервісу","timestamp":"2025-09-13 15:29:23:2923"}
{"level":"info","message":"Mongoose підключено до MongoDB","timestamp":"2025-09-13 15:29:23:2923"}
{"level":"info","message":"Успішно підключено до MongoDB: mongodb+srv://CourseDb:f85iYne04HZelgO6@coursework.h6pcwbr.mongodb.net/?retryWrites=true&w=majority&appName=CourseWork","timestamp":"2025-09-13 15:29:23:2923"}
{"level":"info","message":"База даних успішно підключена","timestamp":"2025-09-13 15:29:23:2923"}
{"environment":"development","host":"0.0.0.0","level":"info","message":"🚀 Сервер запущено на http://0.0.0.0:3000","pid":16340,"port":"3000","timestamp":"2025-09-13 15:29:23:2923"}
{"cloudinaryUrl":"not set","jwtSecret":"***","level":"info","message":"Серверна конфігурація:","mongodbUri":"***","nodeEnv":"development","redisUrl":"set","timestamp":"2025-09-13 15:29:23:2923"}
{"level":"warn","message":"Примусове завершення через таймаут 30 секунд","timestamp":"2025-09-13 15:29:53:2953"}
{"level":"info","message":"Cloudinary сконфігуровано успішно","timestamp":"2025-09-13 15:31:08:318"}
{"cloudinaryCloudName":"set","jwtAccessSecret":"set","level":"info","message":"Перевірка конфігурації змінних середовища:","mongodbUri":"set","nodeEnv":"development","port":"3000","redisUrl":"set","timestamp":"2025-09-13 15:31:08:318"}
{"level":"info","message":"Конфігурація перевірена успішно","timestamp":"2025-09-13 15:31:08:318"}
{"level":"info","message":"Redis підключено","timestamp":"2025-09-13 15:31:08:318"}
{"level":"info","message":"Redis підключено для user.repository","timestamp":"2025-09-13 15:31:08:318"}
{"level":"info","message":"Redis підключено для cloudinary сервісу","timestamp":"2025-09-13 15:31:08:318"}
{"level":"info","message":"Redis підключено для violations сервісу","timestamp":"2025-09-13 15:31:08:318"}
{"level":"info","message":"Redis підключено для sync сервісу","timestamp":"2025-09-13 15:31:08:318"}
{"level":"info","message":"Mongoose підключено до MongoDB","timestamp":"2025-09-13 15:31:09:319"}
{"level":"info","message":"Успішно підключено до MongoDB: mongodb+srv://CourseDb:f85iYne04HZelgO6@coursework.h6pcwbr.mongodb.net/?retryWrites=true&w=majority&appName=CourseWork","timestamp":"2025-09-13 15:31:09:319"}
{"level":"info","message":"База даних успішно підключена","timestamp":"2025-09-13 15:31:09:319"}
{"environment":"development","host":"0.0.0.0","level":"info","message":"🚀 Сервер запущено на http://0.0.0.0:3000","pid":8484,"port":"3000","timestamp":"2025-09-13 15:31:09:319"}
{"cloudinaryUrl":"not set","jwtSecret":"***","level":"info","message":"Серверна конфігурація:","mongodbUri":"***","nodeEnv":"development","redisUrl":"set","timestamp":"2025-09-13 15:31:09:319"}
{"ip":"127.0.0.1","level":"error","message":"Cannot set property query of #<IncomingMessage> which has only a getter","method":"GET","name":"TypeError","stack":"TypeError: Cannot set property query of #<IncomingMessage> which has only a getter\n    at D:\\projects\\React-native\\citizen_back\\node_modules\\express-mongo-sanitize\\index.js:113:18\n    at Array.forEach (<anonymous>)\n    at D:\\projects\\React-native\\citizen_back\\node_modules\\express-mongo-sanitize\\index.js:110:44\n    at Layer.handleRequest (D:\\projects\\React-native\\citizen_back\\node_modules\\router\\lib\\layer.js:152:17)\n    at trimPrefix (D:\\projects\\React-native\\citizen_back\\node_modules\\router\\index.js:342:13)\n    at D:\\projects\\React-native\\citizen_back\\node_modules\\router\\index.js:297:9\n    at processParams (D:\\projects\\React-native\\citizen_back\\node_modules\\router\\index.js:582:12)\n    at next (D:\\projects\\React-native\\citizen_back\\node_modules\\router\\index.js:291:5)\n    at cors (D:\\projects\\React-native\\citizen_back\\node_modules\\cors\\lib\\index.js:188:7)\n    at D:\\projects\\React-native\\citizen_back\\node_modules\\cors\\lib\\index.js:224:17","timestamp":"2025-09-13 15:31:09:319","url":"/api/health"}
{"ip":"127.0.0.1","level":"error","message":"Cannot set property query of #<IncomingMessage> which has only a getter","method":"GET","name":"TypeError","stack":"TypeError: Cannot set property query of #<IncomingMessage> which has only a getter\n    at D:\\projects\\React-native\\citizen_back\\node_modules\\express-mongo-sanitize\\index.js:113:18\n    at Array.forEach (<anonymous>)\n    at D:\\projects\\React-native\\citizen_back\\node_modules\\express-mongo-sanitize\\index.js:110:44\n    at Layer.handleRequest (D:\\projects\\React-native\\citizen_back\\node_modules\\router\\lib\\layer.js:152:17)\n    at trimPrefix (D:\\projects\\React-native\\citizen_back\\node_modules\\router\\index.js:342:13)\n    at D:\\projects\\React-native\\citizen_back\\node_modules\\router\\index.js:297:9\n    at processParams (D:\\projects\\React-native\\citizen_back\\node_modules\\router\\index.js:582:12)\n    at next (D:\\projects\\React-native\\citizen_back\\node_modules\\router\\index.js:291:5)\n    at cors (D:\\projects\\React-native\\citizen_back\\node_modules\\cors\\lib\\index.js:188:7)\n    at D:\\projects\\React-native\\citizen_back\\node_modules\\cors\\lib\\index.js:224:17","timestamp":"2025-09-13 15:31:10:3110","url":"/favicon.ico"}
{"level":"info","message":"Отримано SIGINT. Закриття з'єднання з MongoDB...","timestamp":"2025-09-13 15:31:24:3124"}
{"level":"info","message":"Cloudinary сконфігуровано успішно","timestamp":"2025-09-13 15:31:28:3128"}
{"cloudinaryCloudName":"set","jwtAccessSecret":"set","level":"info","message":"Перевірка конфігурації змінних середовища:","mongodbUri":"set","nodeEnv":"development","port":"3000","redisUrl":"set","timestamp":"2025-09-13 15:31:28:3128"}
{"level":"info","message":"Конфігурація перевірена успішно","timestamp":"2025-09-13 15:31:28:3128"}
{"level":"info","message":"Redis підключено","timestamp":"2025-09-13 15:31:28:3128"}
{"level":"info","message":"Redis підключено для user.repository","timestamp":"2025-09-13 15:31:28:3128"}
{"level":"info","message":"Redis підключено для cloudinary сервісу","timestamp":"2025-09-13 15:31:28:3128"}
{"level":"info","message":"Redis підключено для violations сервісу","timestamp":"2025-09-13 15:31:28:3128"}
{"level":"info","message":"Redis підключено для sync сервісу","timestamp":"2025-09-13 15:31:28:3128"}
{"level":"info","message":"Mongoose підключено до MongoDB","timestamp":"2025-09-13 15:31:29:3129"}
{"level":"info","message":"Успішно підключено до MongoDB: mongodb+srv://CourseDb:f85iYne04HZelgO6@coursework.h6pcwbr.mongodb.net/?retryWrites=true&w=majority&appName=CourseWork","timestamp":"2025-09-13 15:31:29:3129"}
{"level":"info","message":"База даних успішно підключена","timestamp":"2025-09-13 15:31:29:3129"}
{"environment":"development","host":"0.0.0.0","level":"info","message":"🚀 Сервер запущено на http://0.0.0.0:3000","pid":23324,"port":"3000","timestamp":"2025-09-13 15:31:29:3129"}
{"cloudinaryUrl":"not set","jwtSecret":"***","level":"info","message":"Серверна конфігурація:","mongodbUri":"***","nodeEnv":"development","redisUrl":"set","timestamp":"2025-09-13 15:31:29:3129"}
{"ip":"127.0.0.1","level":"error","message":"Cannot set property query of #<IncomingMessage> which has only a getter","method":"GET","name":"TypeError","stack":"TypeError: Cannot set property query of #<IncomingMessage> which has only a getter\n    at D:\\projects\\React-native\\citizen_back\\node_modules\\express-mongo-sanitize\\index.js:113:18\n    at Array.forEach (<anonymous>)\n    at D:\\projects\\React-native\\citizen_back\\node_modules\\express-mongo-sanitize\\index.js:110:44\n    at Layer.handleRequest (D:\\projects\\React-native\\citizen_back\\node_modules\\router\\lib\\layer.js:152:17)\n    at trimPrefix (D:\\projects\\React-native\\citizen_back\\node_modules\\router\\index.js:342:13)\n    at D:\\projects\\React-native\\citizen_back\\node_modules\\router\\index.js:297:9\n    at processParams (D:\\projects\\React-native\\citizen_back\\node_modules\\router\\index.js:582:12)\n    at next (D:\\projects\\React-native\\citizen_back\\node_modules\\router\\index.js:291:5)\n    at cors (D:\\projects\\React-native\\citizen_back\\node_modules\\cors\\lib\\index.js:188:7)\n    at D:\\projects\\React-native\\citizen_back\\node_modules\\cors\\lib\\index.js:224:17","timestamp":"2025-09-13 15:31:32:3132","url":"/api/health"}
{"ip":"127.0.0.1","level":"error","message":"Cannot set property query of #<IncomingMessage> which has only a getter","method":"GET","name":"TypeError","stack":"TypeError: Cannot set property query of #<IncomingMessage> which has only a getter\n    at D:\\projects\\React-native\\citizen_back\\node_modules\\express-mongo-sanitize\\index.js:113:18\n    at Array.forEach (<anonymous>)\n    at D:\\projects\\React-native\\citizen_back\\node_modules\\express-mongo-sanitize\\index.js:110:44\n    at Layer.handleRequest (D:\\projects\\React-native\\citizen_back\\node_modules\\router\\lib\\layer.js:152:17)\n    at trimPrefix (D:\\projects\\React-native\\citizen_back\\node_modules\\router\\index.js:342:13)\n    at D:\\projects\\React-native\\citizen_back\\node_modules\\router\\index.js:297:9\n    at processParams (D:\\projects\\React-native\\citizen_back\\node_modules\\router\\index.js:582:12)\n    at next (D:\\projects\\React-native\\citizen_back\\node_modules\\router\\index.js:291:5)\n    at cors (D:\\projects\\React-native\\citizen_back\\node_modules\\cors\\lib\\index.js:188:7)\n    at D:\\projects\\React-native\\citizen_back\\node_modules\\cors\\lib\\index.js:224:17","timestamp":"2025-09-13 15:31:32:3132","url":"/favicon.ico"}
{"level":"warn","message":"Примусове завершення через таймаут 30 секунд","timestamp":"2025-09-13 15:31:59:3159"}
{"level":"info","message":"Cloudinary сконфігуровано успішно","timestamp":"2025-09-13 15:35:34:3534"}
{"cloudinaryCloudName":"set","jwtAccessSecret":"set","level":"info","message":"Перевірка конфігурації змінних середовища:","mongodbUri":"set","nodeEnv":"development","port":"3000","redisUrl":"set","timestamp":"2025-09-13 15:35:34:3534"}
{"level":"info","message":"Конфігурація перевірена успішно","timestamp":"2025-09-13 15:35:34:3534"}
{"level":"info","message":"Redis підключено","timestamp":"2025-09-13 15:35:34:3534"}
{"level":"info","message":"Redis підключено для user.repository","timestamp":"2025-09-13 15:35:34:3534"}
{"level":"info","message":"Redis підключено для cloudinary сервісу","timestamp":"2025-09-13 15:35:34:3534"}
{"level":"info","message":"Redis підключено для violations сервісу","timestamp":"2025-09-13 15:35:34:3534"}
{"level":"info","message":"Redis підключено для sync сервісу","timestamp":"2025-09-13 15:35:34:3534"}
{"level":"info","message":"Mongoose підключено до MongoDB","timestamp":"2025-09-13 15:35:35:3535"}
{"level":"info","message":"Успішно підключено до MongoDB: mongodb+srv://CourseDb:f85iYne04HZelgO6@coursework.h6pcwbr.mongodb.net/?retryWrites=true&w=majority&appName=CourseWork","timestamp":"2025-09-13 15:35:35:3535"}
{"level":"info","message":"База даних успішно підключена","timestamp":"2025-09-13 15:35:35:3535"}
{"environment":"development","host":"0.0.0.0","level":"info","message":"🚀 Сервер запущено на http://0.0.0.0:3000","pid":19532,"port":"3000","timestamp":"2025-09-13 15:35:35:3535"}
{"cloudinaryUrl":"not set","jwtSecret":"***","level":"info","message":"Серверна конфігурація:","mongodbUri":"***","nodeEnv":"development","redisUrl":"set","timestamp":"2025-09-13 15:35:35:3535"}
{"ip":"127.0.0.1","level":"error","message":"Cannot set property query of #<IncomingMessage> which has only a getter","method":"GET","name":"TypeError","stack":"TypeError: Cannot set property query of #<IncomingMessage> which has only a getter\n    at D:\\projects\\React-native\\citizen_back\\node_modules\\xss-clean\\lib\\index.js:8:30\n    at Layer.handleRequest (D:\\projects\\React-native\\citizen_back\\node_modules\\router\\lib\\layer.js:152:17)\n    at trimPrefix (D:\\projects\\React-native\\citizen_back\\node_modules\\router\\index.js:342:13)\n    at D:\\projects\\React-native\\citizen_back\\node_modules\\router\\index.js:297:9\n    at processParams (D:\\projects\\React-native\\citizen_back\\node_modules\\router\\index.js:582:12)\n    at next (D:\\projects\\React-native\\citizen_back\\node_modules\\router\\index.js:291:5)\n    at cors (D:\\projects\\React-native\\citizen_back\\node_modules\\cors\\lib\\index.js:188:7)\n    at D:\\projects\\React-native\\citizen_back\\node_modules\\cors\\lib\\index.js:224:17\n    at originCallback (D:\\projects\\React-native\\citizen_back\\node_modules\\cors\\lib\\index.js:214:15)\n    at D:\\projects\\React-native\\citizen_back\\node_modules\\cors\\lib\\index.js:219:13","timestamp":"2025-09-13 15:35:39:3539","url":"/api/health"}
{"ip":"127.0.0.1","level":"error","message":"Cannot set property query of #<IncomingMessage> which has only a getter","method":"GET","name":"TypeError","stack":"TypeError: Cannot set property query of #<IncomingMessage> which has only a getter\n    at D:\\projects\\React-native\\citizen_back\\node_modules\\xss-clean\\lib\\index.js:8:30\n    at Layer.handleRequest (D:\\projects\\React-native\\citizen_back\\node_modules\\router\\lib\\layer.js:152:17)\n    at trimPrefix (D:\\projects\\React-native\\citizen_back\\node_modules\\router\\index.js:342:13)\n    at D:\\projects\\React-native\\citizen_back\\node_modules\\router\\index.js:297:9\n    at processParams (D:\\projects\\React-native\\citizen_back\\node_modules\\router\\index.js:582:12)\n    at next (D:\\projects\\React-native\\citizen_back\\node_modules\\router\\index.js:291:5)\n    at cors (D:\\projects\\React-native\\citizen_back\\node_modules\\cors\\lib\\index.js:188:7)\n    at D:\\projects\\React-native\\citizen_back\\node_modules\\cors\\lib\\index.js:224:17\n    at originCallback (D:\\projects\\React-native\\citizen_back\\node_modules\\cors\\lib\\index.js:214:15)\n    at D:\\projects\\React-native\\citizen_back\\node_modules\\cors\\lib\\index.js:219:13","timestamp":"2025-09-13 15:35:39:3539","url":"/favicon.ico"}
{"level":"warn","message":"Примусове завершення через таймаут 30 секунд","timestamp":"2025-09-13 15:36:05:365"}
{"level":"info","message":"Cloudinary сконфігуровано успішно","timestamp":"2025-09-13 15:37:08:378"}
{"cloudinaryCloudName":"set","jwtAccessSecret":"set","level":"info","message":"Перевірка конфігурації змінних середовища:","mongodbUri":"set","nodeEnv":"development","port":"3000","redisUrl":"set","timestamp":"2025-09-13 15:37:09:379"}
{"level":"info","message":"Конфігурація перевірена успішно","timestamp":"2025-09-13 15:37:09:379"}
{"level":"info","message":"Redis підключено","timestamp":"2025-09-13 15:37:09:379"}
{"level":"info","message":"Redis підключено для user.repository","timestamp":"2025-09-13 15:37:09:379"}
{"level":"info","message":"Redis підключено для cloudinary сервісу","timestamp":"2025-09-13 15:37:09:379"}
{"level":"info","message":"Redis підключено для violations сервісу","timestamp":"2025-09-13 15:37:09:379"}
{"level":"info","message":"Redis підключено для sync сервісу","timestamp":"2025-09-13 15:37:09:379"}
{"level":"info","message":"Mongoose підключено до MongoDB","timestamp":"2025-09-13 15:37:09:379"}
{"level":"info","message":"Успішно підключено до MongoDB: mongodb+srv://CourseDb:f85iYne04HZelgO6@coursework.h6pcwbr.mongodb.net/?retryWrites=true&w=majority&appName=CourseWork","timestamp":"2025-09-13 15:37:09:379"}
{"level":"info","message":"База даних успішно підключена","timestamp":"2025-09-13 15:37:09:379"}
{"environment":"development","host":"0.0.0.0","level":"info","message":"🚀 Сервер запущено на http://0.0.0.0:3000","pid":21956,"port":"3000","timestamp":"2025-09-13 15:37:09:379"}
{"cloudinaryUrl":"not set","jwtSecret":"***","level":"info","message":"Серверна конфігурація:","mongodbUri":"***","nodeEnv":"development","redisUrl":"set","timestamp":"2025-09-13 15:37:09:379"}
{"ip":"127.0.0.1","level":"error","message":"Не знайдено /favicon.ico","method":"GET","name":"NotFoundError","stack":"NotFoundError: Не знайдено /favicon.ico\n    at notFound (D:\\projects\\React-native\\citizen_back\\src\\middleware\\error.middleware.js:136:17)\n    at Layer.handleRequest (D:\\projects\\React-native\\citizen_back\\node_modules\\router\\lib\\layer.js:152:17)\n    at trimPrefix (D:\\projects\\React-native\\citizen_back\\node_modules\\router\\index.js:342:13)\n    at D:\\projects\\React-native\\citizen_back\\node_modules\\router\\index.js:297:9\n    at processParams (D:\\projects\\React-native\\citizen_back\\node_modules\\router\\index.js:582:12)\n    at next (D:\\projects\\React-native\\citizen_back\\node_modules\\router\\index.js:291:5)\n    at Object.handler (D:\\projects\\React-native\\citizen_back\\node_modules\\express-slow-down\\dist\\index.cjs:118:30)\n    at D:\\projects\\React-native\\citizen_back\\node_modules\\express-rate-limit\\dist\\index.cjs:896:16\n    at process.processTicksAndRejections (node:internal/process/task_queues:105:5)\n    at async D:\\projects\\React-native\\citizen_back\\node_modules\\express-rate-limit\\dist\\index.cjs:782:5","timestamp":"2025-09-13 15:37:13:3713","url":"/favicon.ico"}
{"level":"info","message":"Отримано SIGINT. Закриття з'єднання з MongoDB...","timestamp":"2025-09-13 15:37:33:3733"}
{"level":"info","message":"Cloudinary сконфігуровано успішно","timestamp":"2025-09-13 15:38:48:3848"}
{"cloudinaryCloudName":"set","jwtAccessSecret":"set","level":"info","message":"Перевірка конфігурації змінних середовища:","mongodbUri":"set","nodeEnv":"development","port":"3000","redisUrl":"set","timestamp":"2025-09-13 15:38:48:3848"}
{"level":"info","message":"Конфігурація перевірена успішно","timestamp":"2025-09-13 15:38:48:3848"}
{"level":"info","message":"Redis підключено","timestamp":"2025-09-13 15:38:48:3848"}
{"level":"info","message":"Redis підключено для sync сервісу","timestamp":"2025-09-13 15:38:48:3848"}
{"level":"info","message":"Redis підключено для cloudinary сервісу","timestamp":"2025-09-13 15:38:48:3848"}
{"level":"info","message":"Redis підключено для violations сервісу","timestamp":"2025-09-13 15:38:48:3848"}
{"level":"info","message":"Redis підключено для user.repository","timestamp":"2025-09-13 15:38:48:3848"}
{"level":"info","message":"Mongoose підключено до MongoDB","timestamp":"2025-09-13 15:38:49:3849"}
{"level":"info","message":"Успішно підключено до MongoDB: mongodb+srv://CourseDb:f85iYne04HZelgO6@coursework.h6pcwbr.mongodb.net/?retryWrites=true&w=majority&appName=CourseWork","timestamp":"2025-09-13 15:38:49:3849"}
{"level":"info","message":"База даних успішно підключена","timestamp":"2025-09-13 15:38:49:3849"}
{"environment":"development","host":"0.0.0.0","level":"info","message":"🚀 Сервер запущено на http://0.0.0.0:3000","pid":17920,"port":"3000","timestamp":"2025-09-13 15:38:49:3849"}
{"cloudinaryUrl":"not set","jwtSecret":"***","level":"info","message":"Серверна конфігурація:","mongodbUri":"***","nodeEnv":"development","redisUrl":"set","timestamp":"2025-09-13 15:38:49:3849"}
{"level":"warn","message":"Примусове завершення через таймаут 30 секунд","timestamp":"2025-09-13 15:39:19:3919"}
{"level":"info","message":"Cloudinary сконфігуровано успішно","timestamp":"2025-09-13 15:47:10:4710"}
{"cloudinaryCloudName":"set","jwtAccessSecret":"set","level":"info","message":"Перевірка конфігурації змінних середовища:","mongodbUri":"set","nodeEnv":"development","port":"3000","redisUrl":"set","timestamp":"2025-09-13 15:47:10:4710"}
{"level":"info","message":"Конфігурація перевірена успішно","timestamp":"2025-09-13 15:47:10:4710"}
{"0":"g","1":"e","10":"o","11":" ","12":"E","13":"N","14":"O","15":"T","16":"F","17":"O","18":"U","19":"N","2":"t","20":"D","21":" ","22":"r","23":"e","24":"d","25":"i","26":"s","3":"a","4":"d","5":"d","6":"r","7":"i","8":"n","9":"f","level":"warn","message":"Не вдалося підключитися до Redis для user.repository:","timestamp":"2025-09-13 15:47:12:4712"}
{"0":"g","1":"e","10":"o","11":" ","12":"E","13":"N","14":"O","15":"T","16":"F","17":"O","18":"U","19":"N","2":"t","20":"D","21":" ","22":"r","23":"e","24":"d","25":"i","26":"s","3":"a","4":"d","5":"d","6":"r","7":"i","8":"n","9":"f","level":"warn","message":"Redis помилка:","timestamp":"2025-09-13 15:47:12:4712"}
{"0":"g","1":"e","10":"o","11":" ","12":"E","13":"N","14":"O","15":"T","16":"F","17":"O","18":"U","19":"N","2":"t","20":"D","21":" ","22":"r","23":"e","24":"d","25":"i","26":"s","3":"a","4":"d","5":"d","6":"r","7":"i","8":"n","9":"f","level":"warn","message":"Не вдалося підключитися до Redis для cloudinary сервісу:","timestamp":"2025-09-13 15:47:15:4715"}
{"0":"g","1":"e","10":"o","11":" ","12":"E","13":"N","14":"O","15":"T","16":"F","17":"O","18":"U","19":"N","2":"t","20":"D","21":" ","22":"r","23":"e","24":"d","25":"i","26":"s","3":"a","4":"d","5":"d","6":"r","7":"i","8":"n","9":"f","level":"warn","message":"Не вдалося підключитися до Redis для violations сервісу:","timestamp":"2025-09-13 15:47:15:4715"}
{"0":"C","1":"o","10":" ","11":"t","12":"i","13":"m","14":"e","15":"o","16":"u","17":"t","2":"n","3":"n","4":"e","5":"c","6":"t","7":"i","8":"o","9":"n","level":"warn","message":"Не вдалося підключитися до Redis для sync сервісу:","timestamp":"2025-09-13 15:47:15:4715"}
{"0":"g","1":"e","10":"o","11":" ","12":"E","13":"N","14":"O","15":"T","16":"F","17":"O","18":"U","19":"N","2":"t","20":"D","21":" ","22":"r","23":"e","24":"d","25":"i","26":"s","3":"a","4":"d","5":"d","6":"r","7":"i","8":"n","9":"f","level":"warn","message":"Redis помилка:","timestamp":"2025-09-13 15:47:17:4717"}
{"level":"info","message":"Mongoose підключено до MongoDB","timestamp":"2025-09-13 15:47:17:4717"}
{"level":"info","message":"Успішно підключено до MongoDB: mongodb+srv://CourseDb:f85iYne04HZelgO6@coursework.h6pcwbr.mongodb.net/?retryWrites=true&w=majority&appName=CourseWork","timestamp":"2025-09-13 15:47:17:4717"}
{"level":"info","message":"База даних успішно підключена","timestamp":"2025-09-13 15:47:17:4717"}
{"environment":"development","host":"0.0.0.0","level":"info","message":"🚀 Сервер запущено на http://0.0.0.0:3000","pid":18268,"port":"3000","timestamp":"2025-09-13 15:47:17:4717"}
{"cloudinaryUrl":"not set","jwtSecret":"***","level":"info","message":"Серверна конфігурація:","mongodbUri":"***","nodeEnv":"development","redisUrl":"set","timestamp":"2025-09-13 15:47:17:4717"}
{"0":"g","1":"e","10":"o","11":" ","12":"E","13":"N","14":"O","15":"T","16":"F","17":"O","18":"U","19":"N","2":"t","20":"D","21":" ","22":"r","23":"e","24":"d","25":"i","26":"s","3":"a","4":"d","5":"d","6":"r","7":"i","8":"n","9":"f","level":"warn","message":"Redis помилка:","timestamp":"2025-09-13 15:47:20:4720"}
{"0":"g","1":"e","10":"o","11":" ","12":"E","13":"N","14":"O","15":"T","16":"F","17":"O","18":"U","19":"N","2":"t","20":"D","21":" ","22":"r","23":"e","24":"d","25":"i","26":"s","3":"a","4":"d","5":"d","6":"r","7":"i","8":"n","9":"f","level":"warn","message":"Redis помилка:","timestamp":"2025-09-13 15:47:22:4722"}
{"level":"info","message":"Отримано SIGINT. Закриття з'єднання з MongoDB...","timestamp":"2025-09-13 15:47:23:4723"}
{"level":"info","message":"Cloudinary сконфігуровано успішно","timestamp":"2025-09-13 15:47:39:4739"}
{"cloudinaryCloudName":"set","jwtAccessSecret":"set","level":"info","message":"Перевірка конфігурації змінних середовища:","mongodbUri":"set","nodeEnv":"development","port":"3000","redisUrl":"set","timestamp":"2025-09-13 15:47:39:4739"}
{"level":"info","message":"Конфігурація перевірена успішно","timestamp":"2025-09-13 15:47:39:4739"}
{"0":"g","1":"e","10":"o","11":" ","12":"E","13":"N","14":"O","15":"T","16":"F","17":"O","18":"U","19":"N","2":"t","20":"D","21":" ","22":"r","23":"e","24":"d","25":"i","26":"s","3":"a","4":"d","5":"d","6":"r","7":"i","8":"n","9":"f","level":"warn","message":"Не вдалося підключитися до Redis для user.repository:","timestamp":"2025-09-13 15:47:41:4741"}
{"0":"g","1":"e","10":"o","11":" ","12":"E","13":"N","14":"O","15":"T","16":"F","17":"O","18":"U","19":"N","2":"t","20":"D","21":" ","22":"r","23":"e","24":"d","25":"i","26":"s","3":"a","4":"d","5":"d","6":"r","7":"i","8":"n","9":"f","level":"warn","message":"Redis помилка:","timestamp":"2025-09-13 15:47:41:4741"}
{"0":"g","1":"e","10":"o","11":" ","12":"E","13":"N","14":"O","15":"T","16":"F","17":"O","18":"U","19":"N","2":"t","20":"D","21":" ","22":"r","23":"e","24":"d","25":"i","26":"s","3":"a","4":"d","5":"d","6":"r","7":"i","8":"n","9":"f","level":"warn","message":"Не вдалося підключитися до Redis для cloudinary сервісу:","timestamp":"2025-09-13 15:47:43:4743"}
{"0":"g","1":"e","10":"o","11":" ","12":"E","13":"N","14":"O","15":"T","16":"F","17":"O","18":"U","19":"N","2":"t","20":"D","21":" ","22":"r","23":"e","24":"d","25":"i","26":"s","3":"a","4":"d","5":"d","6":"r","7":"i","8":"n","9":"f","level":"warn","message":"Не вдалося підключитися до Redis для violations сервісу:","timestamp":"2025-09-13 15:47:43:4743"}
{"0":"C","1":"o","10":" ","11":"t","12":"i","13":"m","14":"e","15":"o","16":"u","17":"t","2":"n","3":"n","4":"e","5":"c","6":"t","7":"i","8":"o","9":"n","level":"warn","message":"Не вдалося підключитися до Redis для sync сервісу:","timestamp":"2025-09-13 15:47:44:4744"}
{"0":"g","1":"e","10":"o","11":" ","12":"E","13":"N","14":"O","15":"T","16":"F","17":"O","18":"U","19":"N","2":"t","20":"D","21":" ","22":"r","23":"e","24":"d","25":"i","26":"s","3":"a","4":"d","5":"d","6":"r","7":"i","8":"n","9":"f","level":"warn","message":"Redis помилка:","timestamp":"2025-09-13 15:47:46:4746"}
{"level":"info","message":"Mongoose підключено до MongoDB","timestamp":"2025-09-13 15:47:46:4746"}
{"level":"info","message":"Успішно підключено до MongoDB: mongodb+srv://CourseDb:f85iYne04HZelgO6@coursework.h6pcwbr.mongodb.net/?retryWrites=true&w=majority&appName=CourseWork","timestamp":"2025-09-13 15:47:46:4746"}
{"level":"info","message":"База даних успішно підключена","timestamp":"2025-09-13 15:47:46:4746"}
{"environment":"development","host":"0.0.0.0","level":"info","message":"🚀 Сервер запущено на http://0.0.0.0:3000","pid":22976,"port":"3000","timestamp":"2025-09-13 15:47:46:4746"}
{"cloudinaryUrl":"not set","jwtSecret":"***","level":"info","message":"Серверна конфігурація:","mongodbUri":"***","nodeEnv":"development","redisUrl":"set","timestamp":"2025-09-13 15:47:46:4746"}
{"0":"g","1":"e","10":"o","11":" ","12":"E","13":"N","14":"O","15":"T","16":"F","17":"O","18":"U","19":"N","2":"t","20":"D","21":" ","22":"r","23":"e","24":"d","25":"i","26":"s","3":"a","4":"d","5":"d","6":"r","7":"i","8":"n","9":"f","level":"warn","message":"Redis помилка:","timestamp":"2025-09-13 15:47:48:4748"}
{"0":"g","1":"e","10":"o","11":" ","12":"E","13":"N","14":"O","15":"T","16":"F","17":"O","18":"U","19":"N","2":"t","20":"D","21":" ","22":"r","23":"e","24":"d","25":"i","26":"s","3":"a","4":"d","5":"d","6":"r","7":"i","8":"n","9":"f","level":"warn","message":"Redis помилка:","timestamp":"2025-09-13 15:47:51:4751"}
{"0":"g","1":"e","10":"o","11":" ","12":"E","13":"N","14":"O","15":"T","16":"F","17":"O","18":"U","19":"N","2":"t","20":"D","21":" ","22":"r","23":"e","24":"d","25":"i","26":"s","3":"a","4":"d","5":"d","6":"r","7":"i","8":"n","9":"f","level":"warn","message":"Redis помилка:","timestamp":"2025-09-13 15:47:53:4753"}
{"0":"g","1":"e","10":"o","11":" ","12":"E","13":"N","14":"O","15":"T","16":"F","17":"O","18":"U","19":"N","2":"t","20":"D","21":" ","22":"r","23":"e","24":"d","25":"i","26":"s","3":"a","4":"d","5":"d","6":"r","7":"i","8":"n","9":"f","level":"warn","message":"Redis помилка:","timestamp":"2025-09-13 15:47:57:4757"}
{"0":"g","1":"e","10":"o","11":" ","12":"E","13":"N","14":"O","15":"T","16":"F","17":"O","18":"U","19":"N","2":"t","20":"D","21":" ","22":"r","23":"e","24":"d","25":"i","26":"s","3":"a","4":"d","5":"d","6":"r","7":"i","8":"n","9":"f","level":"warn","message":"Redis помилка:","timestamp":"2025-09-13 15:48:01:481"}
{"level":"info","message":"Отримано SIGINT. Закриття з'єднання з MongoDB...","timestamp":"2025-09-13 15:48:03:483"}
{"level":"info","message":"Ініціалізація graceful shutdown для MongoDB...","timestamp":"2025-09-13 15:48:03:483"}
{"level":"info","message":"Отримано SIGINT","timestamp":"2025-09-13 15:48:03:483"}
{"level":"info","message":"Отримано сигнал для завершення роботи...","timestamp":"2025-09-13 15:48:03:483"}
{"level":"info","message":"Ініціалізація graceful shutdown для MongoDB...","timestamp":"2025-09-13 15:48:03:483"}
{"level":"info","message":"Сервер закрито","timestamp":"2025-09-13 15:48:03:483"}
{"level":"info","message":"Сервер HTTP зупинено","timestamp":"2025-09-13 15:48:03:483"}
{"level":"info","message":"Cloudinary сконфігуровано успішно","timestamp":"2025-09-13 15:48:06:486"}
{"cloudinaryCloudName":"set","jwtAccessSecret":"set","level":"info","message":"Перевірка конфігурації змінних середовища:","mongodbUri":"set","nodeEnv":"development","port":"3000","redisUrl":"set","timestamp":"2025-09-13 15:48:06:486"}
{"level":"info","message":"Конфігурація перевірена успішно","timestamp":"2025-09-13 15:48:06:486"}
{"level":"info","message":"Redis підключено","timestamp":"2025-09-13 15:48:06:486"}
{"level":"info","message":"Redis підключено для user.repository","timestamp":"2025-09-13 15:48:06:486"}
{"level":"info","message":"Redis підключено для cloudinary сервісу","timestamp":"2025-09-13 15:48:06:486"}
{"level":"info","message":"Redis підключено для violations сервісу","timestamp":"2025-09-13 15:48:06:486"}
{"level":"info","message":"Redis підключено для sync сервісу","timestamp":"2025-09-13 15:48:06:486"}
{"level":"info","message":"Mongoose підключено до MongoDB","timestamp":"2025-09-13 15:48:06:486"}
{"level":"info","message":"Успішно підключено до MongoDB: mongodb+srv://CourseDb:f85iYne04HZelgO6@coursework.h6pcwbr.mongodb.net/?retryWrites=true&w=majority&appName=CourseWork","timestamp":"2025-09-13 15:48:06:486"}
{"level":"info","message":"База даних успішно підключена","timestamp":"2025-09-13 15:48:06:486"}
{"environment":"development","host":"0.0.0.0","level":"info","message":"🚀 Сервер запущено на http://0.0.0.0:3000","pid":22476,"port":"3000","timestamp":"2025-09-13 15:48:06:486"}
{"cloudinaryUrl":"not set","jwtSecret":"***","level":"info","message":"Серверна конфігурація:","mongodbUri":"***","nodeEnv":"development","redisUrl":"set","timestamp":"2025-09-13 15:48:06:486"}
{"endpoint":"/api/sync/status","ip":"127.0.0.1","level":"warn","message":"Помилка автентифікації: Токен авторизації не надано","timestamp":"2025-09-13 15:52:09:529"}
{"ip":"127.0.0.1","level":"error","message":"Токен авторизації не надано","method":"GET","name":"AppError","stack":"AppError: Токен авторизації не надано\n    at authenticate (D:\\projects\\React-native\\citizen_back\\src\\middleware\\auth.middleware.js:35:13)\n    at Layer.handleRequest (D:\\projects\\React-native\\citizen_back\\node_modules\\router\\lib\\layer.js:152:17)\n    at next (D:\\projects\\React-native\\citizen_back\\node_modules\\router\\lib\\route.js:157:13)\n    at Route.dispatch (D:\\projects\\React-native\\citizen_back\\node_modules\\router\\lib\\route.js:117:3)\n    at handle (D:\\projects\\React-native\\citizen_back\\node_modules\\router\\index.js:435:11)\n    at Layer.handleRequest (D:\\projects\\React-native\\citizen_back\\node_modules\\router\\lib\\layer.js:152:17)\n    at D:\\projects\\React-native\\citizen_back\\node_modules\\router\\index.js:295:15\n    at processParams (D:\\projects\\React-native\\citizen_back\\node_modules\\router\\index.js:582:12)\n    at next (D:\\projects\\React-native\\citizen_back\\node_modules\\router\\index.js:291:5)\n    at Function.handle (D:\\projects\\React-native\\citizen_back\\node_modules\\router\\index.js:186:3)","timestamp":"2025-09-13 15:52:09:529","url":"/api/sync/status"}
{"level":"info","message":"Створено користувача: test@example.com","timestamp":"2025-09-13 15:53:31:5331","userId":"68c5694a66de9a2af9cdfe22"}
{"level":"info","message":"Оновлено refresh tokens для користувача: 68c5694a66de9a2af9cdfe22","timestamp":"2025-09-13 15:53:31:5331"}
{"level":"info","message":"Збережено refresh token для користувача 68c5694a66de9a2af9cdfe22","timestamp":"2025-09-13 15:53:31:5331"}
{"level":"info","message":"Зареєстровано нового користувача: test@example.com","timestamp":"2025-09-13 15:53:31:5331"}
{"level":"info","message":"Користувач зареєстрований: test@example.com","timestamp":"2025-09-13 15:53:31:5331","userId":"68c5694a66de9a2af9cdfe22"}
{"email":"test@example.com","error":"Невірний email або пароль","level":"error","message":"Помилка логіну: Невірний email або пароль","stack":"AppError: Невірний email або пароль\n    at AuthService.login (D:\\projects\\React-native\\citizen_back\\src\\services\\auth.service.js:100:15)\n    at async AuthController.login (D:\\projects\\React-native\\citizen_back\\src\\controllers\\auth.controller.js:96:22)","timestamp":"2025-09-13 15:53:51:5351"}
{"email":"test@example.com","error":"Невірний email або пароль","level":"error","message":"Помилка логіну: Невірний email або пароль","stack":"AppError: Невірний email або пароль\n    at AuthService.login (D:\\projects\\React-native\\citizen_back\\src\\services\\auth.service.js:100:15)\n    at async AuthController.login (D:\\projects\\React-native\\citizen_back\\src\\controllers\\auth.controller.js:96:22)","timestamp":"2025-09-13 15:54:00:540"}
{"email":"test@example.com","error":"Невірний email або пароль","level":"error","message":"Помилка логіну: Невірний email або пароль","stack":"AppError: Невірний email або пароль\n    at AuthService.login (D:\\projects\\React-native\\citizen_back\\src\\services\\auth.service.js:100:15)\n    at async AuthController.login (D:\\projects\\React-native\\citizen_back\\src\\controllers\\auth.controller.js:96:22)","timestamp":"2025-09-13 15:54:29:5429"}
{"ip":"127.0.0.1","level":"error","message":"Не знайдено ендпойнт /api/auth","method":"GET","name":"AppError","stack":"AppError: Не знайдено ендпойнт /api/auth\n    at D:\\projects\\React-native\\citizen_back\\src\\routes\\auth.routes.js:152:8\n    at Layer.handleRequest (D:\\projects\\React-native\\citizen_back\\node_modules\\router\\lib\\layer.js:152:17)\n    at trimPrefix (D:\\projects\\React-native\\citizen_back\\node_modules\\router\\index.js:342:13)\n    at D:\\projects\\React-native\\citizen_back\\node_modules\\router\\index.js:297:9\n    at processParams (D:\\projects\\React-native\\citizen_back\\node_modules\\router\\index.js:582:12)\n    at next (D:\\projects\\React-native\\citizen_back\\node_modules\\router\\index.js:291:5)\n    at Function.handle (D:\\projects\\React-native\\citizen_back\\node_modules\\router\\index.js:186:3)\n    at router (D:\\projects\\React-native\\citizen_back\\node_modules\\router\\index.js:60:12)\n    at Layer.handleRequest (D:\\projects\\React-native\\citizen_back\\node_modules\\router\\lib\\layer.js:152:17)\n    at trimPrefix (D:\\projects\\React-native\\citizen_back\\node_modules\\router\\index.js:342:13)","timestamp":"2025-09-13 15:54:37:5437","url":"/api/auth"}
{"email":"test@example.com","error":"Невірний email або пароль","level":"error","message":"Помилка логіну: Невірний email або пароль","stack":"AppError: Невірний email або пароль\n    at AuthService.login (D:\\projects\\React-native\\citizen_back\\src\\services\\auth.service.js:100:15)\n    at async AuthController.login (D:\\projects\\React-native\\citizen_back\\src\\controllers\\auth.controller.js:96:22)","timestamp":"2025-09-13 15:55:05:555"}
{"email":"test@example.com","error":"Користувач з таким email вже існує","level":"error","message":"Помилка реєстрації: Користувач з таким email вже існує","stack":"AppError: Користувач з таким email вже існує\n    at AuthService.register (D:\\projects\\React-native\\citizen_back\\src\\services\\auth.service.js:35:15)\n    at process.processTicksAndRejections (node:internal/process/task_queues:105:5)\n    at async AuthController.register (D:\\projects\\React-native\\citizen_back\\src\\controllers\\auth.controller.js:32:22)","timestamp":"2025-09-13 15:55:15:5515"}
{"email":"test@example.com","error":"Невірний email або пароль","level":"error","message":"Помилка логіну: Невірний email або пароль","stack":"AppError: Невірний email або пароль\n    at AuthService.login (D:\\projects\\React-native\\citizen_back\\src\\services\\auth.service.js:100:15)\n    at async AuthController.login (D:\\projects\\React-native\\citizen_back\\src\\controllers\\auth.controller.js:96:22)","timestamp":"2025-09-13 15:55:34:5534"}
{"email":"test@example.com","error":"Невірний email або пароль","level":"error","message":"Помилка логіну: Невірний email або пароль","stack":"AppError: Невірний email або пароль\n    at AuthService.login (D:\\projects\\React-native\\citizen_back\\src\\services\\auth.service.js:100:15)\n    at async AuthController.login (D:\\projects\\React-native\\citizen_back\\src\\controllers\\auth.controller.js:96:22)","timestamp":"2025-09-13 16:00:19:019"}
{"level":"info","message":"Отримано SIGINT. Закриття з'єднання з MongoDB...","timestamp":"2025-09-13 16:00:25:025"}
{"level":"info","message":"Ініціалізація graceful shutdown для MongoDB...","timestamp":"2025-09-13 16:00:25:025"}
{"level":"info","message":"Отримано SIGINT","timestamp":"2025-09-13 16:00:25:025"}
{"level":"info","message":"Отримано сигнал для завершення роботи...","timestamp":"2025-09-13 16:00:25:025"}
{"level":"info","message":"Ініціалізація graceful shutdown для MongoDB...","timestamp":"2025-09-13 16:00:25:025"}
{"level":"info","message":"Сервер закрито","timestamp":"2025-09-13 16:00:25:025"}
{"level":"info","message":"Сервер HTTP зупинено","timestamp":"2025-09-13 16:00:25:025"}
{"level":"info","message":"Cloudinary сконфігуровано успішно","timestamp":"2025-09-13 16:00:42:042"}
{"cloudinaryCloudName":"set","jwtAccessSecret":"set","level":"info","message":"Перевірка конфігурації змінних середовища:","mongodbUri":"set","nodeEnv":"development","port":"3000","redisUrl":"set","timestamp":"2025-09-13 16:00:43:043"}
{"level":"info","message":"Конфігурація перевірена успішно","timestamp":"2025-09-13 16:00:43:043"}
{"level":"info","message":"Redis підключено","timestamp":"2025-09-13 16:00:43:043"}
{"level":"info","message":"Redis підключено для user.repository","timestamp":"2025-09-13 16:00:43:043"}
{"level":"info","message":"Redis підключено для cloudinary сервісу","timestamp":"2025-09-13 16:00:43:043"}
{"level":"info","message":"Redis підключено для sync сервісу","timestamp":"2025-09-13 16:00:43:043"}
{"level":"info","message":"Redis підключено для violations сервісу","timestamp":"2025-09-13 16:00:43:043"}
{"level":"info","message":"Mongoose підключено до MongoDB","timestamp":"2025-09-13 16:00:43:043"}
{"level":"info","message":"Успішно підключено до MongoDB: mongodb+srv://CourseDb:f85iYne04HZelgO6@coursework.h6pcwbr.mongodb.net/?retryWrites=true&w=majority&appName=CourseWork","timestamp":"2025-09-13 16:00:43:043"}
{"level":"info","message":"База даних успішно підключена","timestamp":"2025-09-13 16:00:43:043"}
{"environment":"development","host":"0.0.0.0","level":"info","message":"🚀 Сервер запущено на http://0.0.0.0:3000","pid":1348,"port":"3000","timestamp":"2025-09-13 16:00:44:044"}
{"cloudinaryUrl":"not set","jwtSecret":"***","level":"info","message":"Серверна конфігурація:","mongodbUri":"***","nodeEnv":"development","redisUrl":"set","timestamp":"2025-09-13 16:00:44:044"}
{"email":"test@example.com","error":"Невірний email або пароль","level":"error","message":"Помилка логіну: Невірний email або пароль","stack":"AppError: Невірний email або пароль\n    at AuthService.login (D:\\projects\\React-native\\citizen_back\\src\\services\\auth.service.js:100:15)\n    at async AuthController.login (D:\\projects\\React-native\\citizen_back\\src\\controllers\\auth.controller.js:96:22)","timestamp":"2025-09-13 16:00:56:056"}
{"level":"info","message":"Отримано SIGINT. Закриття з'єднання з MongoDB...","timestamp":"2025-09-13 16:02:01:21"}
{"level":"info","message":"Cloudinary сконфігуровано успішно","timestamp":"2025-09-13 16:02:04:24"}
{"cloudinaryCloudName":"set","jwtAccessSecret":"set","level":"info","message":"Перевірка конфігурації змінних середовища:","mongodbUri":"set","nodeEnv":"development","port":"3000","redisUrl":"set","timestamp":"2025-09-13 16:02:05:25"}
{"level":"info","message":"Конфігурація перевірена успішно","timestamp":"2025-09-13 16:02:05:25"}
{"level":"info","message":"Redis підключено","timestamp":"2025-09-13 16:02:05:25"}
{"level":"info","message":"Redis підключено для user.repository","timestamp":"2025-09-13 16:02:05:25"}
{"level":"info","message":"Redis підключено для cloudinary сервісу","timestamp":"2025-09-13 16:02:05:25"}
{"level":"info","message":"Redis підключено для sync сервісу","timestamp":"2025-09-13 16:02:05:25"}
{"level":"info","message":"Redis підключено для violations сервісу","timestamp":"2025-09-13 16:02:05:25"}
{"level":"info","message":"Mongoose підключено до MongoDB","timestamp":"2025-09-13 16:02:05:25"}
{"level":"info","message":"Успішно підключено до MongoDB: mongodb+srv://CourseDb:f85iYne04HZelgO6@coursework.h6pcwbr.mongodb.net/?retryWrites=true&w=majority&appName=CourseWork","timestamp":"2025-09-13 16:02:05:25"}
{"level":"info","message":"База даних успішно підключена","timestamp":"2025-09-13 16:02:05:25"}
{"environment":"development","host":"0.0.0.0","level":"info","message":"🚀 Сервер запущено на http://0.0.0.0:3000","pid":22588,"port":"3000","timestamp":"2025-09-13 16:02:05:25"}
{"cloudinaryUrl":"not set","jwtSecret":"***","level":"info","message":"Серверна конфігурація:","mongodbUri":"***","nodeEnv":"development","redisUrl":"set","timestamp":"2025-09-13 16:02:05:25"}
{"email":"test@example.com","error":"Невірний email або пароль","level":"error","message":"Помилка логіну: Невірний email або пароль","stack":"AppError: Невірний email або пароль\n    at AuthService.login (D:\\projects\\React-native\\citizen_back\\src\\services\\auth.service.js:100:15)\n    at async AuthController.login (D:\\projects\\React-native\\citizen_back\\src\\controllers\\auth.controller.js:100:20)","timestamp":"2025-09-13 16:02:14:214"}
{"level":"info","message":"Отримано SIGINT. Закриття з'єднання з MongoDB...","timestamp":"2025-09-13 16:03:55:355"}
{"level":"info","message":"Cloudinary сконфігуровано успішно","timestamp":"2025-09-13 16:03:58:358"}
{"cloudinaryCloudName":"set","jwtAccessSecret":"set","level":"info","message":"Перевірка конфігурації змінних середовища:","mongodbUri":"set","nodeEnv":"development","port":"3000","redisUrl":"set","timestamp":"2025-09-13 16:03:58:358"}
{"level":"info","message":"Конфігурація перевірена успішно","timestamp":"2025-09-13 16:03:58:358"}
{"level":"info","message":"Redis підключено","timestamp":"2025-09-13 16:03:59:359"}
{"level":"info","message":"Redis підключено для user.repository","timestamp":"2025-09-13 16:03:59:359"}
{"level":"info","message":"Redis підключено для cloudinary сервісу","timestamp":"2025-09-13 16:03:59:359"}
{"level":"info","message":"Redis підключено для violations сервісу","timestamp":"2025-09-13 16:03:59:359"}
{"level":"info","message":"Redis підключено для sync сервісу","timestamp":"2025-09-13 16:03:59:359"}
{"level":"info","message":"Mongoose підключено до MongoDB","timestamp":"2025-09-13 16:03:59:359"}
{"level":"info","message":"Успішно підключено до MongoDB: mongodb+srv://CourseDb:f85iYne04HZelgO6@coursework.h6pcwbr.mongodb.net/?retryWrites=true&w=majority&appName=CourseWork","timestamp":"2025-09-13 16:03:59:359"}
{"level":"info","message":"База даних успішно підключена","timestamp":"2025-09-13 16:03:59:359"}
{"environment":"development","host":"0.0.0.0","level":"info","message":"🚀 Сервер запущено на http://0.0.0.0:3000","pid":3296,"port":"3000","timestamp":"2025-09-13 16:03:59:359"}
{"cloudinaryUrl":"not set","jwtSecret":"***","level":"info","message":"Серверна конфігурація:","mongodbUri":"***","nodeEnv":"development","redisUrl":"set","timestamp":"2025-09-13 16:03:59:359"}
{"email":"test@example.com","error":"Невірний  пароль","level":"error","message":"Помилка логіну: Невірний  пароль","stack":"AppError: Невірний  пароль\n    at AuthService.login (D:\\projects\\React-native\\citizen_back\\src\\services\\auth.service.js:100:15)\n    at async AuthController.login (D:\\projects\\React-native\\citizen_back\\src\\controllers\\auth.controller.js:100:20)","timestamp":"2025-09-13 16:04:05:45"}
{"email":"test@example.com","error":"Невірний  пароль","level":"error","message":"Помилка логіну: Невірний  пароль","stack":"AppError: Невірний  пароль\n    at AuthService.login (D:\\projects\\React-native\\citizen_back\\src\\services\\auth.service.js:100:15)\n    at async AuthController.login (D:\\projects\\React-native\\citizen_back\\src\\controllers\\auth.controller.js:100:20)","timestamp":"2025-09-13 16:05:02:52"}
{"level":"info","message":"Отримано SIGINT. Закриття з'єднання з MongoDB...","timestamp":"2025-09-13 16:06:27:627"}
{"level":"info","message":"Ініціалізація graceful shutdown для MongoDB...","timestamp":"2025-09-13 16:06:27:627"}
{"level":"info","message":"Отримано SIGINT","timestamp":"2025-09-13 16:06:27:627"}
{"level":"info","message":"Отримано сигнал для завершення роботи...","timestamp":"2025-09-13 16:06:27:627"}
{"level":"info","message":"Ініціалізація graceful shutdown для MongoDB...","timestamp":"2025-09-13 16:06:27:627"}
{"level":"info","message":"Сервер закрито","timestamp":"2025-09-13 16:06:27:627"}
{"level":"info","message":"Сервер HTTP зупинено","timestamp":"2025-09-13 16:06:27:627"}
{"level":"info","message":"Cloudinary сконфігуровано успішно","timestamp":"2025-09-13 16:06:30:630"}
{"cloudinaryCloudName":"set","jwtAccessSecret":"set","level":"info","message":"Перевірка конфігурації змінних середовища:","mongodbUri":"set","nodeEnv":"development","port":"3000","redisUrl":"set","timestamp":"2025-09-13 16:06:30:630"}
{"level":"info","message":"Конфігурація перевірена успішно","timestamp":"2025-09-13 16:06:30:630"}
{"level":"info","message":"Redis підключено","timestamp":"2025-09-13 16:06:30:630"}
{"level":"info","message":"Redis підключено для user.repository","timestamp":"2025-09-13 16:06:30:630"}
{"level":"info","message":"Redis підключено для cloudinary сервісу","timestamp":"2025-09-13 16:06:30:630"}
{"level":"info","message":"Redis підключено для violations сервісу","timestamp":"2025-09-13 16:06:30:630"}
{"level":"info","message":"Redis підключено для sync сервісу","timestamp":"2025-09-13 16:06:30:630"}
{"level":"info","message":"Mongoose підключено до MongoDB","timestamp":"2025-09-13 16:06:31:631"}
{"level":"info","message":"Успішно підключено до MongoDB: mongodb+srv://CourseDb:f85iYne04HZelgO6@coursework.h6pcwbr.mongodb.net/?retryWrites=true&w=majority&appName=CourseWork","timestamp":"2025-09-13 16:06:31:631"}
{"level":"info","message":"База даних успішно підключена","timestamp":"2025-09-13 16:06:31:631"}
{"environment":"development","host":"0.0.0.0","level":"info","message":"🚀 Сервер запущено на http://0.0.0.0:3000","pid":24064,"port":"3000","timestamp":"2025-09-13 16:06:31:631"}
{"cloudinaryUrl":"not set","jwtSecret":"***","level":"info","message":"Серверна конфігурація:","mongodbUri":"***","nodeEnv":"development","redisUrl":"set","timestamp":"2025-09-13 16:06:31:631"}
{"email":"test@example.com","error":"Невірний  пароль","level":"error","message":"Помилка логіну: Невірний  пароль","stack":"AppError: Невірний  пароль\n    at AuthService.login (D:\\projects\\React-native\\citizen_back\\src\\services\\auth.service.js:100:15)\n    at async AuthController.login (D:\\projects\\React-native\\citizen_back\\src\\controllers\\auth.controller.js:100:20)","timestamp":"2025-09-13 16:06:38:638"}
{"email":"test@example.com","error":"Невірний  пароль","level":"error","message":"Помилка логіну: Невірний  пароль","stack":"AppError: Невірний  пароль\n    at AuthService.login (D:\\projects\\React-native\\citizen_back\\src\\services\\auth.service.js:100:15)\n    at async AuthController.login (D:\\projects\\React-native\\citizen_back\\src\\controllers\\auth.controller.js:100:20)","timestamp":"2025-09-13 16:06:55:655"}
{"level":"info","message":"Отримано SIGINT. Закриття з'єднання з MongoDB...","timestamp":"2025-09-13 16:08:25:825"}
{"level":"info","message":"Cloudinary сконфігуровано успішно","timestamp":"2025-09-13 16:08:28:828"}
{"cloudinaryCloudName":"set","jwtAccessSecret":"set","level":"info","message":"Перевірка конфігурації змінних середовища:","mongodbUri":"set","nodeEnv":"development","port":"3000","redisUrl":"set","timestamp":"2025-09-13 16:08:28:828"}
{"level":"info","message":"Конфігурація перевірена успішно","timestamp":"2025-09-13 16:08:28:828"}
{"level":"info","message":"Redis підключено","timestamp":"2025-09-13 16:08:28:828"}
{"level":"info","message":"Redis підключено для user.repository","timestamp":"2025-09-13 16:08:28:828"}
{"level":"info","message":"Redis підключено для cloudinary сервісу","timestamp":"2025-09-13 16:08:28:828"}
{"level":"info","message":"Redis підключено для violations сервісу","timestamp":"2025-09-13 16:08:28:828"}
{"level":"info","message":"Redis підключено для sync сервісу","timestamp":"2025-09-13 16:08:28:828"}
{"level":"info","message":"Mongoose підключено до MongoDB","timestamp":"2025-09-13 16:08:29:829"}
{"level":"info","message":"Успішно підключено до MongoDB: mongodb+srv://CourseDb:f85iYne04HZelgO6@coursework.h6pcwbr.mongodb.net/?retryWrites=true&w=majority&appName=CourseWork","timestamp":"2025-09-13 16:08:29:829"}
{"level":"info","message":"База даних успішно підключена","timestamp":"2025-09-13 16:08:29:829"}
{"environment":"development","host":"0.0.0.0","level":"info","message":"🚀 Сервер запущено на http://0.0.0.0:3000","pid":7416,"port":"3000","timestamp":"2025-09-13 16:08:29:829"}
{"cloudinaryUrl":"not set","jwtSecret":"***","level":"info","message":"Серверна конфігурація:","mongodbUri":"***","nodeEnv":"development","redisUrl":"set","timestamp":"2025-09-13 16:08:29:829"}
{"email":"test@example.com","error":"AuthenticationError is not defined","level":"error","message":"Помилка логіну: AuthenticationError is not defined","stack":"ReferenceError: AuthenticationError is not defined\n    at AuthService.login (D:\\projects\\React-native\\citizen_back\\src\\services\\auth.service.js:111:9)\n    at async AuthController.login (D:\\projects\\React-native\\citizen_back\\src\\controllers\\auth.controller.js:100:20)","timestamp":"2025-09-13 16:08:33:833"}
{"ip":"127.0.0.1","level":"error","message":"AuthenticationError is not defined","method":"POST","name":"ReferenceError","stack":"ReferenceError: AuthenticationError is not defined\n    at AuthService.login (D:\\projects\\React-native\\citizen_back\\src\\services\\auth.service.js:111:9)\n    at async AuthController.login (D:\\projects\\React-native\\citizen_back\\src\\controllers\\auth.controller.js:100:20)","timestamp":"2025-09-13 16:08:33:833","url":"/api/auth/login"}
{"level":"info","message":"Отримано SIGINT. Закриття з'єднання з MongoDB...","timestamp":"2025-09-13 16:11:34:1134"}
{"level":"info","message":"Cloudinary сконфігуровано успішно","timestamp":"2025-09-13 16:11:38:1138"}
{"cloudinaryCloudName":"set","jwtAccessSecret":"set","level":"info","message":"Перевірка конфігурації змінних середовища:","mongodbUri":"set","nodeEnv":"development","port":"3000","redisUrl":"set","timestamp":"2025-09-13 16:11:38:1138"}
{"level":"info","message":"Конфігурація перевірена успішно","timestamp":"2025-09-13 16:11:38:1138"}
{"level":"info","message":"Redis підключено","timestamp":"2025-09-13 16:11:38:1138"}
{"level":"info","message":"Redis підключено для user.repository","timestamp":"2025-09-13 16:11:38:1138"}
{"level":"info","message":"Redis підключено для cloudinary сервісу","timestamp":"2025-09-13 16:11:38:1138"}
{"level":"info","message":"Redis підключено для violations сервісу","timestamp":"2025-09-13 16:11:38:1138"}
{"level":"info","message":"Redis підключено для sync сервісу","timestamp":"2025-09-13 16:11:38:1138"}
{"level":"info","message":"Mongoose підключено до MongoDB","timestamp":"2025-09-13 16:11:39:1139"}
{"level":"info","message":"Успішно підключено до MongoDB: mongodb+srv://CourseDb:f85iYne04HZelgO6@coursework.h6pcwbr.mongodb.net/?retryWrites=true&w=majority&appName=CourseWork","timestamp":"2025-09-13 16:11:39:1139"}
{"level":"info","message":"База даних успішно підключена","timestamp":"2025-09-13 16:11:39:1139"}
{"environment":"development","host":"0.0.0.0","level":"info","message":"🚀 Сервер запущено на http://0.0.0.0:3000","pid":23888,"port":"3000","timestamp":"2025-09-13 16:11:39:1139"}
{"cloudinaryUrl":"not set","jwtSecret":"***","level":"info","message":"Серверна конфігурація:","mongodbUri":"***","nodeEnv":"development","redisUrl":"set","timestamp":"2025-09-13 16:11:39:1139"}
{"email":"test@example.com","error":"Невірний email або пароль","level":"error","message":"Помилка логіну: Невірний email або пароль","stack":"AuthenticationError: Невірний email або пароль\n    at AuthService.login (D:\\projects\\React-native\\citizen_back\\src\\services\\auth.service.js:116:15)\n    at async AuthController.login (D:\\projects\\React-native\\citizen_back\\src\\controllers\\auth.controller.js:100:20)","timestamp":"2025-09-13 16:11:41:1141"}
{"level":"info","message":"Створено користувача: test3@example.com","timestamp":"2025-09-13 16:13:37:1337","userId":"68c56e01cebae4148611e44f"}
{"level":"info","message":"Оновлено refresh tokens для користувача: 68c56e01cebae4148611e44f","timestamp":"2025-09-13 16:13:37:1337"}
{"level":"info","message":"Збережено refresh token для користувача 68c56e01cebae4148611e44f","timestamp":"2025-09-13 16:13:37:1337"}
{"level":"info","message":"Зареєстровано нового користувача: test3@example.com","timestamp":"2025-09-13 16:13:37:1337"}
{"level":"info","message":"Користувач зареєстрований: test3@example.com","timestamp":"2025-09-13 16:13:37:1337","userId":"68c56e01cebae4148611e44f"}
{"email":"test3@example.com","error":"Невірний email або пароль","level":"error","message":"Помилка логіну: Невірний email або пароль","stack":"AuthenticationError: Невірний email або пароль\n    at AuthService.login (D:\\projects\\React-native\\citizen_back\\src\\services\\auth.service.js:116:15)\n    at async AuthController.login (D:\\projects\\React-native\\citizen_back\\src\\controllers\\auth.controller.js:100:20)","timestamp":"2025-09-13 16:13:52:1352"}
{"level":"info","message":"Отримано SIGINT. Закриття з'єднання з MongoDB...","timestamp":"2025-09-13 16:17:58:1758"}
{"level":"info","message":"Ініціалізація graceful shutdown для MongoDB...","timestamp":"2025-09-13 16:17:58:1758"}
{"level":"info","message":"Отримано SIGINT","timestamp":"2025-09-13 16:17:58:1758"}
{"level":"info","message":"Отримано сигнал для завершення роботи...","timestamp":"2025-09-13 16:17:58:1758"}
{"level":"info","message":"Ініціалізація graceful shutdown для MongoDB...","timestamp":"2025-09-13 16:17:58:1758"}
{"level":"info","message":"Сервер закрито","timestamp":"2025-09-13 16:17:58:1758"}
{"level":"info","message":"Сервер HTTP зупинено","timestamp":"2025-09-13 16:17:58:1758"}
{"level":"info","message":"Cloudinary сконфігуровано успішно","timestamp":"2025-09-13 16:18:02:182"}
{"cloudinaryCloudName":"set","jwtAccessSecret":"set","level":"info","message":"Перевірка конфігурації змінних середовища:","mongodbUri":"set","nodeEnv":"development","port":"3000","redisUrl":"set","timestamp":"2025-09-13 16:18:02:182"}
{"level":"info","message":"Конфігурація перевірена успішно","timestamp":"2025-09-13 16:18:02:182"}
{"level":"info","message":"Redis підключено","timestamp":"2025-09-13 16:18:02:182"}
{"level":"info","message":"Redis підключено для user.repository","timestamp":"2025-09-13 16:18:02:182"}
{"level":"info","message":"Redis підключено для cloudinary сервісу","timestamp":"2025-09-13 16:18:02:182"}
{"level":"info","message":"Redis підключено для violations сервісу","timestamp":"2025-09-13 16:18:02:182"}
{"level":"info","message":"Redis підключено для sync сервісу","timestamp":"2025-09-13 16:18:02:182"}
{"level":"info","message":"Mongoose підключено до MongoDB","timestamp":"2025-09-13 16:18:02:182"}
{"level":"info","message":"Успішно підключено до MongoDB: mongodb+srv://CourseDb:f85iYne04HZelgO6@coursework.h6pcwbr.mongodb.net/?retryWrites=true&w=majority&appName=CourseWork","timestamp":"2025-09-13 16:18:02:182"}
{"level":"info","message":"База даних успішно підключена","timestamp":"2025-09-13 16:18:02:182"}
{"environment":"development","host":"0.0.0.0","level":"info","message":"🚀 Сервер запущено на http://0.0.0.0:3000","pid":696,"port":"3000","timestamp":"2025-09-13 16:18:02:182"}
{"cloudinaryUrl":"not set","jwtSecret":"***","level":"info","message":"Серверна конфігурація:","mongodbUri":"***","nodeEnv":"development","redisUrl":"set","timestamp":"2025-09-13 16:18:02:182"}
{"email":"test3@example.com","error":"Невірний пароль","level":"error","message":"Помилка логіну: Невірний пароль","stack":"AuthenticationError: Невірний пароль\n    at AuthService.login (D:\\projects\\React-native\\citizen_back\\src\\services\\auth.service.js:116:15)\n    at async AuthController.login (D:\\projects\\React-native\\citizen_back\\src\\controllers\\auth.controller.js:100:20)","timestamp":"2025-09-13 16:18:05:185"}
{"level":"info","message":"Отримано SIGINT. Закриття з'єднання з MongoDB...","timestamp":"2025-09-13 16:22:19:2219"}
{"level":"info","message":"Cloudinary сконфігуровано успішно","timestamp":"2025-09-13 16:22:22:2222"}
{"cloudinaryCloudName":"set","jwtAccessSecret":"set","level":"info","message":"Перевірка конфігурації змінних середовища:","mongodbUri":"set","nodeEnv":"development","port":"3000","redisUrl":"set","timestamp":"2025-09-13 16:22:22:2222"}
{"level":"info","message":"Конфігурація перевірена успішно","timestamp":"2025-09-13 16:22:22:2222"}
{"level":"info","message":"Redis підключено","timestamp":"2025-09-13 16:22:22:2222"}
{"level":"info","message":"Redis підключено для user.repository","timestamp":"2025-09-13 16:22:22:2222"}
{"level":"info","message":"Redis підключено для cloudinary сервісу","timestamp":"2025-09-13 16:22:22:2222"}
{"level":"info","message":"Redis підключено для violations сервісу","timestamp":"2025-09-13 16:22:22:2222"}
{"level":"info","message":"Redis підключено для sync сервісу","timestamp":"2025-09-13 16:22:22:2222"}
{"level":"info","message":"Mongoose підключено до MongoDB","timestamp":"2025-09-13 16:22:23:2223"}
{"level":"info","message":"Успішно підключено до MongoDB: mongodb+srv://CourseDb:f85iYne04HZelgO6@coursework.h6pcwbr.mongodb.net/?retryWrites=true&w=majority&appName=CourseWork","timestamp":"2025-09-13 16:22:23:2223"}
{"level":"info","message":"База даних успішно підключена","timestamp":"2025-09-13 16:22:23:2223"}
{"environment":"development","host":"0.0.0.0","level":"info","message":"🚀 Сервер запущено на http://0.0.0.0:3000","pid":1880,"port":"3000","timestamp":"2025-09-13 16:22:23:2223"}
{"cloudinaryUrl":"not set","jwtSecret":"***","level":"info","message":"Серверна конфігурація:","mongodbUri":"***","nodeEnv":"development","redisUrl":"set","timestamp":"2025-09-13 16:22:23:2223"}
{"email":"test3@example.com","error":"Невірний пароль","level":"error","message":"Помилка логіну: Невірний пароль","stack":"AuthenticationError: Невірний пароль\n    at AuthService.login (D:\\projects\\React-native\\citizen_back\\src\\services\\auth.service.js:116:15)\n    at async AuthController.login (D:\\projects\\React-native\\citizen_back\\src\\controllers\\auth.controller.js:100:20)","timestamp":"2025-09-13 16:22:30:2230"}
{"level":"info","message":"Отримано SIGINT. Закриття з'єднання з MongoDB...","timestamp":"2025-09-13 16:28:09:289"}
{"level":"info","message":"Ініціалізація graceful shutdown для MongoDB...","timestamp":"2025-09-13 16:28:09:289"}
{"level":"info","message":"Отримано SIGINT","timestamp":"2025-09-13 16:28:09:289"}
{"level":"info","message":"Отримано сигнал для завершення роботи...","timestamp":"2025-09-13 16:28:09:289"}
{"level":"info","message":"Ініціалізація graceful shutdown для MongoDB...","timestamp":"2025-09-13 16:28:09:289"}
{"level":"info","message":"Сервер закрито","timestamp":"2025-09-13 16:28:09:289"}
{"level":"info","message":"Сервер HTTP зупинено","timestamp":"2025-09-13 16:28:09:289"}
{"level":"info","message":"Cloudinary сконфігуровано успішно","timestamp":"2025-09-13 16:28:12:2812"}
{"cloudinaryCloudName":"set","jwtAccessSecret":"set","level":"info","message":"Перевірка конфігурації змінних середовища:","mongodbUri":"set","nodeEnv":"development","port":"3000","redisUrl":"set","timestamp":"2025-09-13 16:28:12:2812"}
{"level":"info","message":"Конфігурація перевірена успішно","timestamp":"2025-09-13 16:28:12:2812"}
{"level":"info","message":"Redis підключено","timestamp":"2025-09-13 16:28:12:2812"}
{"level":"info","message":"Redis підключено для user.repository","timestamp":"2025-09-13 16:28:12:2812"}
{"level":"info","message":"Redis підключено для cloudinary сервісу","timestamp":"2025-09-13 16:28:12:2812"}
{"level":"info","message":"Redis підключено для violations сервісу","timestamp":"2025-09-13 16:28:12:2812"}
{"level":"info","message":"Redis підключено для sync сервісу","timestamp":"2025-09-13 16:28:12:2812"}
{"level":"info","message":"Mongoose підключено до MongoDB","timestamp":"2025-09-13 16:28:12:2812"}
{"level":"info","message":"Успішно підключено до MongoDB: mongodb+srv://CourseDb:f85iYne04HZelgO6@coursework.h6pcwbr.mongodb.net/?retryWrites=true&w=majority&appName=CourseWork","timestamp":"2025-09-13 16:28:12:2812"}
{"level":"info","message":"База даних успішно підключена","timestamp":"2025-09-13 16:28:12:2812"}
{"environment":"development","host":"0.0.0.0","level":"info","message":"🚀 Сервер запущено на http://0.0.0.0:3000","pid":17536,"port":"3000","timestamp":"2025-09-13 16:28:12:2812"}
{"cloudinaryUrl":"not set","jwtSecret":"***","level":"info","message":"Серверна конфігурація:","mongodbUri":"***","nodeEnv":"development","redisUrl":"set","timestamp":"2025-09-13 16:28:12:2812"}
{"email":"test3@example.com","error":"Невірний пароль","level":"error","message":"Помилка логіну: Невірний пароль","stack":"AuthenticationError: Невірний пароль\n    at AuthService.login (D:\\projects\\React-native\\citizen_back\\src\\services\\auth.service.js:116:15)\n    at async AuthController.login (D:\\projects\\React-native\\citizen_back\\src\\controllers\\auth.controller.js:100:20)","timestamp":"2025-09-13 16:28:17:2817"}
{"level":"info","message":"Отримано SIGINT. Закриття з'єднання з MongoDB...","timestamp":"2025-09-13 16:29:44:2944"}
{"level":"info","message":"Cloudinary сконфігуровано успішно","timestamp":"2025-09-13 16:29:49:2949"}
{"cloudinaryCloudName":"set","jwtAccessSecret":"set","level":"info","message":"Перевірка конфігурації змінних середовища:","mongodbUri":"set","nodeEnv":"development","port":"3000","redisUrl":"set","timestamp":"2025-09-13 16:29:49:2949"}
{"level":"info","message":"Конфігурація перевірена успішно","timestamp":"2025-09-13 16:29:49:2949"}
{"level":"info","message":"Redis підключено","timestamp":"2025-09-13 16:29:49:2949"}
{"level":"info","message":"Redis підключено для user.repository","timestamp":"2025-09-13 16:29:49:2949"}
{"level":"info","message":"Redis підключено для cloudinary сервісу","timestamp":"2025-09-13 16:29:49:2949"}
{"level":"info","message":"Redis підключено для violations сервісу","timestamp":"2025-09-13 16:29:49:2949"}
{"level":"info","message":"Redis підключено для sync сервісу","timestamp":"2025-09-13 16:29:49:2949"}
{"level":"info","message":"Mongoose підключено до MongoDB","timestamp":"2025-09-13 16:29:50:2950"}
{"level":"info","message":"Успішно підключено до MongoDB: mongodb+srv://CourseDb:f85iYne04HZelgO6@coursework.h6pcwbr.mongodb.net/?retryWrites=true&w=majority&appName=CourseWork","timestamp":"2025-09-13 16:29:50:2950"}
{"level":"info","message":"База даних успішно підключена","timestamp":"2025-09-13 16:29:50:2950"}
{"environment":"development","host":"0.0.0.0","level":"info","message":"🚀 Сервер запущено на http://0.0.0.0:3000","pid":23280,"port":"3000","timestamp":"2025-09-13 16:29:50:2950"}
{"cloudinaryUrl":"not set","jwtSecret":"***","level":"info","message":"Серверна конфігурація:","mongodbUri":"***","nodeEnv":"development","redisUrl":"set","timestamp":"2025-09-13 16:29:50:2950"}
{"level":"info","message":"Створено користувача: test3@example.com","timestamp":"2025-09-13 16:31:02:312","userId":"68c57216e54825a24acdd7f5"}
{"level":"info","message":"Оновлено refresh tokens для користувача: 68c57216e54825a24acdd7f5","timestamp":"2025-09-13 16:31:02:312"}
{"level":"info","message":"Збережено refresh token для користувача 68c57216e54825a24acdd7f5","timestamp":"2025-09-13 16:31:02:312"}
{"level":"info","message":"Зареєстровано нового користувача: test3@example.com","timestamp":"2025-09-13 16:31:02:312"}
{"level":"info","message":"Користувач зареєстрований: test3@example.com","timestamp":"2025-09-13 16:31:02:312","userId":"68c57216e54825a24acdd7f5"}
{"email":"test3@example.com","error":"Невірний пароль","level":"error","message":"Помилка логіну: Невірний пароль","stack":"AuthenticationError: Невірний пароль\n    at AuthService.login (D:\\projects\\React-native\\citizen_back\\src\\services\\auth.service.js:116:15)\n    at async AuthController.login (D:\\projects\\React-native\\citizen_back\\src\\controllers\\auth.controller.js:105:20)","timestamp":"2025-09-13 16:31:22:3122"}
{"level":"info","message":"Отримано SIGINT. Закриття з'єднання з MongoDB...","timestamp":"2025-09-13 16:34:05:345"}
{"level":"info","message":"Cloudinary сконфігуровано успішно","timestamp":"2025-09-13 16:34:08:348"}
{"cloudinaryCloudName":"set","jwtAccessSecret":"set","level":"info","message":"Перевірка конфігурації змінних середовища:","mongodbUri":"set","nodeEnv":"development","port":"3000","redisUrl":"set","timestamp":"2025-09-13 16:34:09:349"}
{"level":"info","message":"Конфігурація перевірена успішно","timestamp":"2025-09-13 16:34:09:349"}
{"level":"info","message":"Redis підключено","timestamp":"2025-09-13 16:34:09:349"}
{"level":"info","message":"Redis підключено для user.repository","timestamp":"2025-09-13 16:34:09:349"}
{"level":"info","message":"Redis підключено для cloudinary сервісу","timestamp":"2025-09-13 16:34:09:349"}
{"level":"info","message":"Redis підключено для violations сервісу","timestamp":"2025-09-13 16:34:09:349"}
{"level":"info","message":"Redis підключено для sync сервісу","timestamp":"2025-09-13 16:34:09:349"}
{"level":"info","message":"Mongoose підключено до MongoDB","timestamp":"2025-09-13 16:34:10:3410"}
{"level":"info","message":"Успішно підключено до MongoDB: mongodb+srv://CourseDb:f85iYne04HZelgO6@coursework.h6pcwbr.mongodb.net/?retryWrites=true&w=majority&appName=CourseWork","timestamp":"2025-09-13 16:34:10:3410"}
{"level":"info","message":"База даних успішно підключена","timestamp":"2025-09-13 16:34:10:3410"}
{"environment":"development","host":"0.0.0.0","level":"info","message":"🚀 Сервер запущено на http://0.0.0.0:3000","pid":4016,"port":"3000","timestamp":"2025-09-13 16:34:10:3410"}
{"cloudinaryUrl":"not set","jwtSecret":"***","level":"info","message":"Серверна конфігурація:","mongodbUri":"***","nodeEnv":"development","redisUrl":"set","timestamp":"2025-09-13 16:34:10:3410"}
{"email":"test3@example.com","error":"Невірний пароль","level":"error","message":"Помилка логіну: Невірний пароль","stack":"AuthenticationError: Невірний пароль\n    at AuthService.login (D:\\projects\\React-native\\citizen_back\\src\\services\\auth.service.js:115:15)\n    at async AuthController.login (D:\\projects\\React-native\\citizen_back\\src\\controllers\\auth.controller.js:105:20)","timestamp":"2025-09-13 16:34:13:3413"}
{"email":"test4@example.com","error":"Невірний email або пароль","level":"error","message":"Помилка логіну: Невірний email або пароль","stack":"AuthenticationError: Невірний email або пароль\n    at AuthService.login (D:\\projects\\React-native\\citizen_back\\src\\services\\auth.service.js:106:15)\n    at process.processTicksAndRejections (node:internal/process/task_queues:105:5)\n    at async AuthController.login (D:\\projects\\React-native\\citizen_back\\src\\controllers\\auth.controller.js:105:20)","timestamp":"2025-09-13 16:34:57:3457"}
{"level":"info","message":"Створено користувача: test4@example.com","timestamp":"2025-09-13 16:35:08:358","userId":"68c5730b131d98572cf0727a"}
{"level":"info","message":"Оновлено refresh tokens для користувача: 68c5730b131d98572cf0727a","timestamp":"2025-09-13 16:35:08:358"}
{"level":"info","message":"Збережено refresh token для користувача 68c5730b131d98572cf0727a","timestamp":"2025-09-13 16:35:08:358"}
{"level":"info","message":"Зареєстровано нового користувача: test4@example.com","timestamp":"2025-09-13 16:35:08:358"}
{"level":"info","message":"Користувач зареєстрований: test4@example.com","timestamp":"2025-09-13 16:35:08:358","userId":"68c5730b131d98572cf0727a"}
{"email":"test4@example.com","error":"Невірний пароль","level":"error","message":"Помилка логіну: Невірний пароль","stack":"AuthenticationError: Невірний пароль\n    at AuthService.login (D:\\projects\\React-native\\citizen_back\\src\\services\\auth.service.js:115:15)\n    at async AuthController.login (D:\\projects\\React-native\\citizen_back\\src\\controllers\\auth.controller.js:105:20)","timestamp":"2025-09-13 16:35:23:3523"}
{"level":"info","message":"Отримано SIGINT. Закриття з'єднання з MongoDB...","timestamp":"2025-09-13 16:38:07:387"}
{"level":"info","message":"Cloudinary сконфігуровано успішно","timestamp":"2025-09-13 16:38:32:3832"}
{"cloudinaryCloudName":"set","jwtAccessSecret":"set","level":"info","message":"Перевірка конфігурації змінних середовища:","mongodbUri":"set","nodeEnv":"development","port":"3000","redisUrl":"set","timestamp":"2025-09-13 16:38:32:3832"}
{"level":"info","message":"Конфігурація перевірена успішно","timestamp":"2025-09-13 16:38:32:3832"}
{"level":"info","message":"Redis підключено","timestamp":"2025-09-13 16:38:32:3832"}
{"level":"info","message":"Redis підключено для user.repository","timestamp":"2025-09-13 16:38:32:3832"}
{"level":"info","message":"Redis підключено для cloudinary сервісу","timestamp":"2025-09-13 16:38:32:3832"}
{"level":"info","message":"Redis підключено для violations сервісу","timestamp":"2025-09-13 16:38:32:3832"}
{"level":"info","message":"Redis підключено для sync сервісу","timestamp":"2025-09-13 16:38:32:3832"}
{"level":"info","message":"Mongoose підключено до MongoDB","timestamp":"2025-09-13 16:38:32:3832"}
{"level":"info","message":"Успішно підключено до MongoDB: mongodb+srv://CourseDb:f85iYne04HZelgO6@coursework.h6pcwbr.mongodb.net/?retryWrites=true&w=majority&appName=CourseWork","timestamp":"2025-09-13 16:38:32:3832"}
{"level":"info","message":"База даних успішно підключена","timestamp":"2025-09-13 16:38:32:3832"}
{"environment":"development","host":"0.0.0.0","level":"info","message":"🚀 Сервер запущено на http://0.0.0.0:3000","pid":1872,"port":"3000","timestamp":"2025-09-13 16:38:32:3832"}
{"cloudinaryUrl":"not set","jwtSecret":"***","level":"info","message":"Серверна конфігурація:","mongodbUri":"***","nodeEnv":"development","redisUrl":"set","timestamp":"2025-09-13 16:38:32:3832"}
{"errors":[{"location":"body","message":"Пароль має містити принаймні 1 велику літеру, 1 малу літеру, 1 цифру та 1 спецсимвол","value":"MySecurePass123"}],"level":"warn","message":"Помилка валідації","method":"POST","timestamp":"2025-09-13 16:38:34:3834","url":"/api/auth/register"}
{"level":"info","message":"Створено користувача: test5@example.com","timestamp":"2025-09-13 16:39:27:3927","userId":"68c5740f0f454404efad1846"}
{"level":"info","message":"Оновлено refresh tokens для користувача: 68c5740f0f454404efad1846","timestamp":"2025-09-13 16:39:27:3927"}
{"level":"info","message":"Збережено refresh token для користувача 68c5740f0f454404efad1846","timestamp":"2025-09-13 16:39:27:3927"}
{"level":"info","message":"Зареєстровано нового користувача: test5@example.com","timestamp":"2025-09-13 16:39:27:3927"}
{"level":"info","message":"Користувач зареєстрований: test5@example.com","timestamp":"2025-09-13 16:39:27:3927","userId":"68c5740f0f454404efad1846"}
{"email":"test5@example.com","error":"Невірний пароль","level":"error","message":"Помилка логіну: Невірний пароль","stack":"AuthenticationError: Невірний пароль\n    at AuthService.login (D:\\projects\\React-native\\citizen_back\\src\\services\\auth.service.js:127:15)\n    at async AuthController.login (D:\\projects\\React-native\\citizen_back\\src\\controllers\\auth.controller.js:105:20)","timestamp":"2025-09-13 16:39:53:3953"}
{"level":"info","message":"Отримано SIGINT. Закриття з'єднання з MongoDB...","timestamp":"2025-09-13 16:41:44:4144"}
{"level":"info","message":"Ініціалізація graceful shutdown для MongoDB...","timestamp":"2025-09-13 16:41:44:4144"}
{"level":"info","message":"Отримано SIGINT","timestamp":"2025-09-13 16:41:44:4144"}
{"level":"info","message":"Отримано сигнал для завершення роботи...","timestamp":"2025-09-13 16:41:44:4144"}
{"level":"info","message":"Ініціалізація graceful shutdown для MongoDB...","timestamp":"2025-09-13 16:41:44:4144"}
{"level":"info","message":"Сервер закрито","timestamp":"2025-09-13 16:41:44:4144"}
{"level":"info","message":"Сервер HTTP зупинено","timestamp":"2025-09-13 16:41:44:4144"}
{"level":"info","message":"Cloudinary сконфігуровано успішно","timestamp":"2025-09-13 16:42:19:4219"}
{"cloudinaryCloudName":"set","jwtAccessSecret":"set","level":"info","message":"Перевірка конфігурації змінних середовища:","mongodbUri":"set","nodeEnv":"development","port":"3000","redisUrl":"set","timestamp":"2025-09-13 16:42:19:4219"}
{"level":"info","message":"Конфігурація перевірена успішно","timestamp":"2025-09-13 16:42:19:4219"}
{"level":"info","message":"Redis підключено","timestamp":"2025-09-13 16:42:19:4219"}
{"level":"info","message":"Redis підключено для user.repository","timestamp":"2025-09-13 16:42:19:4219"}
{"level":"info","message":"Redis підключено для cloudinary сервісу","timestamp":"2025-09-13 16:42:19:4219"}
{"level":"info","message":"Redis підключено для violations сервісу","timestamp":"2025-09-13 16:42:19:4219"}
{"level":"info","message":"Redis підключено для sync сервісу","timestamp":"2025-09-13 16:42:19:4219"}
{"level":"info","message":"Mongoose підключено до MongoDB","timestamp":"2025-09-13 16:42:20:4220"}
{"level":"info","message":"Успішно підключено до MongoDB: mongodb+srv://CourseDb:f85iYne04HZelgO6@coursework.h6pcwbr.mongodb.net/?retryWrites=true&w=majority&appName=CourseWork","timestamp":"2025-09-13 16:42:20:4220"}
{"level":"info","message":"База даних успішно підключена","timestamp":"2025-09-13 16:42:20:4220"}
{"environment":"development","host":"0.0.0.0","level":"info","message":"🚀 Сервер запущено на http://0.0.0.0:3000","pid":3112,"port":"3000","timestamp":"2025-09-13 16:42:20:4220"}
{"cloudinaryUrl":"not set","jwtSecret":"***","level":"info","message":"Серверна конфігурація:","mongodbUri":"***","nodeEnv":"development","redisUrl":"set","timestamp":"2025-09-13 16:42:20:4220"}
{"level":"info","message":"Створено користувача: test5@example.com","timestamp":"2025-09-13 16:42:43:4243","userId":"68c574d25de2778a75926747"}
{"level":"info","message":"Оновлено refresh tokens для користувача: 68c574d25de2778a75926747","timestamp":"2025-09-13 16:42:43:4243"}
{"level":"info","message":"Збережено refresh token для користувача 68c574d25de2778a75926747","timestamp":"2025-09-13 16:42:43:4243"}
{"level":"info","message":"Зареєстровано нового користувача: test5@example.com","timestamp":"2025-09-13 16:42:43:4243"}
{"level":"info","message":"Користувач зареєстрований: test5@example.com","timestamp":"2025-09-13 16:42:43:4243","userId":"68c574d25de2778a75926747"}
{"email":"test5@example.com","error":"Невірний пароль","level":"error","message":"Помилка логіну: Невірний пароль","stack":"AuthenticationError: Невірний пароль\n    at AuthService.login (D:\\projects\\React-native\\citizen_back\\src\\services\\auth.service.js:127:15)\n    at async AuthController.login (D:\\projects\\React-native\\citizen_back\\src\\controllers\\auth.controller.js:105:20)","timestamp":"2025-09-13 16:42:57:4257"}
{"level":"info","message":"Отримано SIGINT. Закриття з'єднання з MongoDB...","timestamp":"2025-09-13 16:50:28:5028"}
{"level":"info","message":"Cloudinary сконфігуровано успішно","timestamp":"2025-09-13 16:50:31:5031"}
{"cloudinaryCloudName":"set","jwtAccessSecret":"set","level":"info","message":"Перевірка конфігурації змінних середовища:","mongodbUri":"set","nodeEnv":"development","port":"3000","redisUrl":"set","timestamp":"2025-09-13 16:50:31:5031"}
{"level":"info","message":"Конфігурація перевірена успішно","timestamp":"2025-09-13 16:50:31:5031"}
{"level":"info","message":"Redis підключено","timestamp":"2025-09-13 16:50:31:5031"}
{"level":"info","message":"Redis підключено для user.repository","timestamp":"2025-09-13 16:50:31:5031"}
{"level":"info","message":"Redis підключено для cloudinary сервісу","timestamp":"2025-09-13 16:50:31:5031"}
{"level":"info","message":"Redis підключено для violations сервісу","timestamp":"2025-09-13 16:50:31:5031"}
{"level":"info","message":"Redis підключено для sync сервісу","timestamp":"2025-09-13 16:50:31:5031"}
{"level":"info","message":"Mongoose підключено до MongoDB","timestamp":"2025-09-13 16:50:32:5032"}
{"level":"info","message":"Успішно підключено до MongoDB: mongodb+srv://CourseDb:f85iYne04HZelgO6@coursework.h6pcwbr.mongodb.net/?retryWrites=true&w=majority&appName=CourseWork","timestamp":"2025-09-13 16:50:32:5032"}
{"level":"info","message":"База даних успішно підключена","timestamp":"2025-09-13 16:50:32:5032"}
{"environment":"development","host":"0.0.0.0","level":"info","message":"🚀 Сервер запущено на http://0.0.0.0:3000","pid":23324,"port":"3000","timestamp":"2025-09-13 16:50:32:5032"}
{"cloudinaryUrl":"not set","jwtSecret":"***","level":"info","message":"Серверна конфігурація:","mongodbUri":"***","nodeEnv":"development","redisUrl":"set","timestamp":"2025-09-13 16:50:32:5032"}
{"email":"test5@example.com","error":"Невірний пароль","level":"error","message":"Помилка логіну: Невірний пароль","stack":"AuthenticationError: Невірний пароль\n    at AuthService.login (D:\\projects\\React-native\\citizen_back\\src\\services\\auth.service.js:127:15)\n    at async AuthController.login (D:\\projects\\React-native\\citizen_back\\src\\controllers\\auth.controller.js:105:20)","timestamp":"2025-09-13 16:50:37:5037"}
{"level":"info","message":"Отримано SIGINT. Закриття з'єднання з MongoDB...","timestamp":"2025-09-13 16:54:52:5452"}
{"level":"info","message":"Cloudinary сконфігуровано успішно","timestamp":"2025-09-13 16:54:55:5455"}
{"cloudinaryCloudName":"set","jwtAccessSecret":"set","level":"info","message":"Перевірка конфігурації змінних середовища:","mongodbUri":"set","nodeEnv":"development","port":"3000","redisUrl":"set","timestamp":"2025-09-13 16:54:55:5455"}
{"level":"info","message":"Конфігурація перевірена успішно","timestamp":"2025-09-13 16:54:55:5455"}
{"level":"info","message":"Redis підключено","timestamp":"2025-09-13 16:54:55:5455"}
{"level":"info","message":"Redis підключено для user.repository","timestamp":"2025-09-13 16:54:55:5455"}
{"level":"info","message":"Redis підключено для cloudinary сервісу","timestamp":"2025-09-13 16:54:55:5455"}
{"level":"info","message":"Redis підключено для violations сервісу","timestamp":"2025-09-13 16:54:55:5455"}
{"level":"info","message":"Redis підключено для sync сервісу","timestamp":"2025-09-13 16:54:55:5455"}
{"level":"info","message":"Mongoose підключено до MongoDB","timestamp":"2025-09-13 16:54:56:5456"}
{"level":"info","message":"Успішно підключено до MongoDB: mongodb+srv://CourseDb:f85iYne04HZelgO6@coursework.h6pcwbr.mongodb.net/?retryWrites=true&w=majority&appName=CourseWork","timestamp":"2025-09-13 16:54:56:5456"}
{"level":"info","message":"База даних успішно підключена","timestamp":"2025-09-13 16:54:56:5456"}
{"environment":"development","host":"0.0.0.0","level":"info","message":"🚀 Сервер запущено на http://0.0.0.0:3000","pid":10552,"port":"3000","timestamp":"2025-09-13 16:54:56:5456"}
{"cloudinaryUrl":"not set","jwtSecret":"***","level":"info","message":"Серверна конфігурація:","mongodbUri":"***","nodeEnv":"development","redisUrl":"set","timestamp":"2025-09-13 16:54:56:5456"}
{"email":"test5@example.com","error":"Невірний пароль","level":"error","message":"Помилка логіну: Невірний пароль","stack":"AuthenticationError: Невірний пароль\n    at AuthService.login (D:\\projects\\React-native\\citizen_back\\src\\services\\auth.service.js:127:15)\n    at async AuthController.login (D:\\projects\\React-native\\citizen_back\\src\\controllers\\auth.controller.js:105:20)","timestamp":"2025-09-13 16:55:02:552"}
{"level":"info","message":"Створено користувача: test5@example.com","timestamp":"2025-09-13 16:55:41:5541","userId":"68c577dc5b0e693ab87addd1"}
{"level":"info","message":"Оновлено refresh tokens для користувача: 68c577dc5b0e693ab87addd1","timestamp":"2025-09-13 16:55:41:5541"}
{"level":"info","message":"Збережено refresh token для користувача 68c577dc5b0e693ab87addd1","timestamp":"2025-09-13 16:55:41:5541"}
{"level":"info","message":"Зареєстровано нового користувача: test5@example.com","timestamp":"2025-09-13 16:55:41:5541"}
{"level":"info","message":"Користувач зареєстрований: test5@example.com","timestamp":"2025-09-13 16:55:41:5541","userId":"68c577dc5b0e693ab87addd1"}
{"email":"test5@example.com","error":"Невірний пароль","level":"error","message":"Помилка логіну: Невірний пароль","stack":"AuthenticationError: Невірний пароль\n    at AuthService.login (D:\\projects\\React-native\\citizen_back\\src\\services\\auth.service.js:127:15)\n    at async AuthController.login (D:\\projects\\React-native\\citizen_back\\src\\controllers\\auth.controller.js:105:20)","timestamp":"2025-09-13 16:56:26:5626"}
{"level":"info","message":"Отримано SIGINT. Закриття з'єднання з MongoDB...","timestamp":"2025-09-13 17:02:26:226"}
{"level":"info","message":"Cloudinary сконфігуровано успішно","timestamp":"2025-09-13 17:04:16:416"}
{"cloudinaryCloudName":"set","jwtAccessSecret":"set","level":"info","message":"Перевірка конфігурації змінних середовища:","mongodbUri":"set","nodeEnv":"development","port":"3000","redisUrl":"set","timestamp":"2025-09-13 17:04:16:416"}
{"level":"info","message":"Конфігурація перевірена успішно","timestamp":"2025-09-13 17:04:16:416"}
{"level":"info","message":"Redis підключено","timestamp":"2025-09-13 17:04:16:416"}
{"level":"info","message":"Redis підключено для user.repository","timestamp":"2025-09-13 17:04:16:416"}
{"level":"info","message":"Redis підключено для cloudinary сервісу","timestamp":"2025-09-13 17:04:16:416"}
{"level":"info","message":"Redis підключено для violations сервісу","timestamp":"2025-09-13 17:04:16:416"}
{"level":"info","message":"Redis підключено для sync сервісу","timestamp":"2025-09-13 17:04:16:416"}
{"level":"info","message":"Mongoose підключено до MongoDB","timestamp":"2025-09-13 17:04:17:417"}
{"level":"info","message":"Успішно підключено до MongoDB: mongodb+srv://CourseDb:f85iYne04HZelgO6@coursework.h6pcwbr.mongodb.net/?retryWrites=true&w=majority&appName=CourseWork","timestamp":"2025-09-13 17:04:17:417"}
{"level":"info","message":"База даних успішно підключена","timestamp":"2025-09-13 17:04:17:417"}
{"environment":"development","host":"0.0.0.0","level":"info","message":"🚀 Сервер запущено на http://0.0.0.0:3000","pid":21716,"port":"3000","timestamp":"2025-09-13 17:04:17:417"}
{"cloudinaryUrl":"not set","jwtSecret":"***","level":"info","message":"Серверна конфігурація:","mongodbUri":"***","nodeEnv":"development","redisUrl":"set","timestamp":"2025-09-13 17:04:17:417"}
{"email":"test5@example.com","error":"Невірний email або пароль","level":"error","message":"Помилка логіну: Невірний email або пароль","stack":"AuthenticationError: Невірний email або пароль\n    at AuthService.login (D:\\projects\\React-native\\citizen_back\\src\\services\\auth.service.js:118:15)\n    at process.processTicksAndRejections (node:internal/process/task_queues:105:5)\n    at async AuthController.login (D:\\projects\\React-native\\citizen_back\\src\\controllers\\auth.controller.js:105:20)","timestamp":"2025-09-13 17:05:04:54"}
{"level":"info","message":"Створено користувача: test5@example.com","timestamp":"2025-09-13 17:05:18:518","userId":"68c57a1d022be79cadbe6378"}
{"level":"info","message":"Оновлено refresh tokens для користувача: 68c57a1d022be79cadbe6378","timestamp":"2025-09-13 17:05:18:518"}
{"level":"info","message":"Збережено refresh token для користувача 68c57a1d022be79cadbe6378","timestamp":"2025-09-13 17:05:18:518"}
{"level":"info","message":"Зареєстровано нового користувача: test5@example.com","timestamp":"2025-09-13 17:05:18:518"}
{"level":"info","message":"Користувач зареєстрований: test5@example.com","timestamp":"2025-09-13 17:05:18:518","userId":"68c57a1d022be79cadbe6378"}
{"level":"info","message":"Отримано SIGINT. Закриття з'єднання з MongoDB...","timestamp":"2025-09-13 17:09:57:957"}
{"level":"info","message":"Ініціалізація graceful shutdown для MongoDB...","timestamp":"2025-09-13 17:09:57:957"}
{"level":"info","message":"Отримано SIGINT","timestamp":"2025-09-13 17:09:57:957"}
{"level":"info","message":"Отримано сигнал для завершення роботи...","timestamp":"2025-09-13 17:09:57:957"}
{"level":"info","message":"Ініціалізація graceful shutdown для MongoDB...","timestamp":"2025-09-13 17:09:57:957"}
{"level":"info","message":"Сервер закрито","timestamp":"2025-09-13 17:09:57:957"}
{"level":"info","message":"Сервер HTTP зупинено","timestamp":"2025-09-13 17:09:57:957"}
{"level":"info","message":"Cloudinary сконфігуровано успішно","timestamp":"2025-09-13 17:10:01:101"}
{"cloudinaryCloudName":"set","jwtAccessSecret":"set","level":"info","message":"Перевірка конфігурації змінних середовища:","mongodbUri":"set","nodeEnv":"development","port":"3000","redisUrl":"set","timestamp":"2025-09-13 17:10:01:101"}
{"level":"info","message":"Конфігурація перевірена успішно","timestamp":"2025-09-13 17:10:01:101"}
{"level":"info","message":"Redis підключено","timestamp":"2025-09-13 17:10:01:101"}
{"level":"info","message":"Redis підключено для user.repository","timestamp":"2025-09-13 17:10:01:101"}
{"level":"info","message":"Redis підключено для cloudinary сервісу","timestamp":"2025-09-13 17:10:01:101"}
{"level":"info","message":"Redis підключено для violations сервісу","timestamp":"2025-09-13 17:10:01:101"}
{"level":"info","message":"Redis підключено для sync сервісу","timestamp":"2025-09-13 17:10:01:101"}
{"level":"info","message":"Mongoose підключено до MongoDB","timestamp":"2025-09-13 17:10:01:101"}
{"level":"info","message":"Успішно підключено до MongoDB: mongodb+srv://CourseDb:f85iYne04HZelgO6@coursework.h6pcwbr.mongodb.net/?retryWrites=true&w=majority&appName=CourseWork","timestamp":"2025-09-13 17:10:01:101"}
{"level":"info","message":"База даних успішно підключена","timestamp":"2025-09-13 17:10:01:101"}
{"environment":"development","host":"0.0.0.0","level":"info","message":"🚀 Сервер запущено на http://0.0.0.0:3000","pid":18616,"port":"3000","timestamp":"2025-09-13 17:10:01:101"}
{"cloudinaryUrl":"not set","jwtSecret":"***","level":"info","message":"Серверна конфігурація:","mongodbUri":"***","nodeEnv":"development","redisUrl":"set","timestamp":"2025-09-13 17:10:01:101"}
{"level":"info","message":"Створено користувача: test5@example.com","timestamp":"2025-09-13 17:10:07:107","userId":"68c57b3f8ecc161751af1421"}
{"level":"info","message":"Оновлено refresh tokens для користувача: 68c57b3f8ecc161751af1421","timestamp":"2025-09-13 17:10:07:107"}
{"level":"info","message":"Збережено refresh token для користувача 68c57b3f8ecc161751af1421","timestamp":"2025-09-13 17:10:07:107"}
{"level":"info","message":"Зареєстровано нового користувача: test5@example.com","timestamp":"2025-09-13 17:10:07:107"}
{"level":"info","message":"Користувач зареєстрований: test5@example.com","timestamp":"2025-09-13 17:10:07:107","userId":"68c57b3f8ecc161751af1421"}
{"level":"info","message":"Отримано SIGINT. Закриття з'єднання з MongoDB...","timestamp":"2025-09-13 17:13:14:1314"}
{"level":"info","message":"Ініціалізація graceful shutdown для MongoDB...","timestamp":"2025-09-13 17:13:14:1314"}
{"level":"info","message":"Отримано SIGINT","timestamp":"2025-09-13 17:13:14:1314"}
{"level":"info","message":"Отримано сигнал для завершення роботи...","timestamp":"2025-09-13 17:13:14:1314"}
{"level":"info","message":"Ініціалізація graceful shutdown для MongoDB...","timestamp":"2025-09-13 17:13:14:1314"}
{"level":"info","message":"Сервер закрито","timestamp":"2025-09-13 17:13:14:1314"}
{"level":"info","message":"Сервер HTTP зупинено","timestamp":"2025-09-13 17:13:14:1314"}
{"level":"info","message":"Cloudinary сконфігуровано успішно","timestamp":"2025-09-13 17:13:17:1317"}
{"cloudinaryCloudName":"set","jwtAccessSecret":"set","level":"info","message":"Перевірка конфігурації змінних середовища:","mongodbUri":"set","nodeEnv":"development","port":"3000","redisUrl":"set","timestamp":"2025-09-13 17:13:17:1317"}
{"level":"info","message":"Конфігурація перевірена успішно","timestamp":"2025-09-13 17:13:17:1317"}
{"level":"info","message":"Redis підключено","timestamp":"2025-09-13 17:13:17:1317"}
{"level":"info","message":"Redis підключено для user.repository","timestamp":"2025-09-13 17:13:17:1317"}
{"level":"info","message":"Redis підключено для cloudinary сервісу","timestamp":"2025-09-13 17:13:17:1317"}
{"level":"info","message":"Redis підключено для violations сервісу","timestamp":"2025-09-13 17:13:17:1317"}
{"level":"info","message":"Redis підключено для sync сервісу","timestamp":"2025-09-13 17:13:17:1317"}
{"level":"info","message":"Mongoose підключено до MongoDB","timestamp":"2025-09-13 17:13:18:1318"}
{"level":"info","message":"Успішно підключено до MongoDB: mongodb+srv://CourseDb:f85iYne04HZelgO6@coursework.h6pcwbr.mongodb.net/?retryWrites=true&w=majority&appName=CourseWork","timestamp":"2025-09-13 17:13:18:1318"}
{"level":"info","message":"База даних успішно підключена","timestamp":"2025-09-13 17:13:18:1318"}
{"environment":"development","host":"0.0.0.0","level":"info","message":"🚀 Сервер запущено на http://0.0.0.0:3000","pid":22368,"port":"3000","timestamp":"2025-09-13 17:13:18:1318"}
{"cloudinaryUrl":"not set","jwtSecret":"***","level":"info","message":"Серверна конфігурація:","mongodbUri":"***","nodeEnv":"development","redisUrl":"set","timestamp":"2025-09-13 17:13:18:1318"}
{"level":"info","message":"Створено користувача: test5@example.com","timestamp":"2025-09-13 17:13:37:1337","userId":"68c57c113bde50717c95cee5"}
{"level":"info","message":"Оновлено refresh tokens для користувача: 68c57c113bde50717c95cee5","timestamp":"2025-09-13 17:13:37:1337"}
{"level":"info","message":"Збережено refresh token для користувача 68c57c113bde50717c95cee5","timestamp":"2025-09-13 17:13:37:1337"}
{"level":"info","message":"Зареєстровано нового користувача: test5@example.com","timestamp":"2025-09-13 17:13:37:1337"}
{"level":"info","message":"Користувач зареєстрований: test5@example.com","timestamp":"2025-09-13 17:13:37:1337","userId":"68c57c113bde50717c95cee5"}
{"level":"info","message":"Оновлено refresh tokens для користувача: 68c57c113bde50717c95cee5","timestamp":"2025-09-13 17:13:58:1358"}
{"level":"info","message":"Збережено refresh token для користувача 68c57c113bde50717c95cee5","timestamp":"2025-09-13 17:13:58:1358"}
{"level":"info","message":"Користувач увійшов: test5@example.com","timestamp":"2025-09-13 17:13:58:1358"}
{"level":"info","message":"Користувач увійшов: test5@example.com","timestamp":"2025-09-13 17:13:58:1358","userId":"68c57c113bde50717c95cee5"}
{"ip":"127.0.0.1","level":"error","message":"Не знайдено ендпойнт /api/auth/me","method":"POST","name":"AppError","stack":"AppError: Не знайдено ендпойнт /api/auth/me\n    at D:\\projects\\React-native\\citizen_back\\src\\routes\\auth.routes.js:152:8\n    at Layer.handleRequest (D:\\projects\\React-native\\citizen_back\\node_modules\\router\\lib\\layer.js:152:17)\n    at trimPrefix (D:\\projects\\React-native\\citizen_back\\node_modules\\router\\index.js:342:13)\n    at D:\\projects\\React-native\\citizen_back\\node_modules\\router\\index.js:297:9\n    at processParams (D:\\projects\\React-native\\citizen_back\\node_modules\\router\\index.js:582:12)\n    at next (D:\\projects\\React-native\\citizen_back\\node_modules\\router\\index.js:291:5)\n    at Function.handle (D:\\projects\\React-native\\citizen_back\\node_modules\\router\\index.js:186:3)\n    at router (D:\\projects\\React-native\\citizen_back\\node_modules\\router\\index.js:60:12)\n    at Layer.handleRequest (D:\\projects\\React-native\\citizen_back\\node_modules\\router\\lib\\layer.js:152:17)\n    at trimPrefix (D:\\projects\\React-native\\citizen_back\\node_modules\\router\\index.js:342:13)","timestamp":"2025-09-13 17:15:45:1545","url":"/api/auth/me"}
{"level":"info","message":"Оновлено refresh tokens для користувача: 68c57c113bde50717c95cee5","timestamp":"2025-09-13 17:17:13:1713"}
{"level":"info","message":"Збережено refresh token для користувача 68c57c113bde50717c95cee5","timestamp":"2025-09-13 17:17:13:1713"}
{"level":"info","message":"Користувач увійшов: test5@example.com","timestamp":"2025-09-13 17:17:13:1713"}
{"level":"info","message":"Користувач увійшов: test5@example.com","timestamp":"2025-09-13 17:17:13:1713","userId":"68c57c113bde50717c95cee5"}
{"endpoint":"/api/auth/me","ip":"127.0.0.1","level":"warn","message":"Помилка автентифікації: Токен авторизації не надано","timestamp":"2025-09-13 17:17:55:1755"}
{"ip":"127.0.0.1","level":"error","message":"Токен авторизації не надано","method":"GET","name":"AppError","stack":"AppError: Токен авторизації не надано\n    at authenticate (D:\\projects\\React-native\\citizen_back\\src\\middleware\\auth.middleware.js:35:13)\n    at Layer.handleRequest (D:\\projects\\React-native\\citizen_back\\node_modules\\router\\lib\\layer.js:152:17)\n    at next (D:\\projects\\React-native\\citizen_back\\node_modules\\router\\lib\\route.js:157:13)\n    at Route.dispatch (D:\\projects\\React-native\\citizen_back\\node_modules\\router\\lib\\route.js:117:3)\n    at handle (D:\\projects\\React-native\\citizen_back\\node_modules\\router\\index.js:435:11)\n    at Layer.handleRequest (D:\\projects\\React-native\\citizen_back\\node_modules\\router\\lib\\layer.js:152:17)\n    at D:\\projects\\React-native\\citizen_back\\node_modules\\router\\index.js:295:15\n    at processParams (D:\\projects\\React-native\\citizen_back\\node_modules\\router\\index.js:582:12)\n    at next (D:\\projects\\React-native\\citizen_back\\node_modules\\router\\index.js:291:5)\n    at Function.handle (D:\\projects\\React-native\\citizen_back\\node_modules\\router\\index.js:186:3)","timestamp":"2025-09-13 17:17:55:1755","url":"/api/auth/me"}
{"endpoint":"/api/auth/me","ip":"127.0.0.1","level":"warn","message":"Помилка автентифікації: Токен авторизації не надано","timestamp":"2025-09-13 17:18:09:189"}
{"ip":"127.0.0.1","level":"error","message":"Токен авторизації не надано","method":"GET","name":"AppError","stack":"AppError: Токен авторизації не надано\n    at authenticate (D:\\projects\\React-native\\citizen_back\\src\\middleware\\auth.middleware.js:35:13)\n    at Layer.handleRequest (D:\\projects\\React-native\\citizen_back\\node_modules\\router\\lib\\layer.js:152:17)\n    at next (D:\\projects\\React-native\\citizen_back\\node_modules\\router\\lib\\route.js:157:13)\n    at Route.dispatch (D:\\projects\\React-native\\citizen_back\\node_modules\\router\\lib\\route.js:117:3)\n    at handle (D:\\projects\\React-native\\citizen_back\\node_modules\\router\\index.js:435:11)\n    at Layer.handleRequest (D:\\projects\\React-native\\citizen_back\\node_modules\\router\\lib\\layer.js:152:17)\n    at D:\\projects\\React-native\\citizen_back\\node_modules\\router\\index.js:295:15\n    at processParams (D:\\projects\\React-native\\citizen_back\\node_modules\\router\\index.js:582:12)\n    at next (D:\\projects\\React-native\\citizen_back\\node_modules\\router\\index.js:291:5)\n    at Function.handle (D:\\projects\\React-native\\citizen_back\\node_modules\\router\\index.js:186:3)","timestamp":"2025-09-13 17:18:09:189","url":"/api/auth/me"}
{"endpoint":"/api/violations","ip":"127.0.0.1","level":"warn","message":"Помилка автентифікації: Токен авторизації не надано","timestamp":"2025-09-13 17:18:41:1841"}
{"ip":"127.0.0.1","level":"error","message":"Токен авторизації не надано","method":"POST","name":"AppError","stack":"AppError: Токен авторизації не надано\n    at authenticate (D:\\projects\\React-native\\citizen_back\\src\\middleware\\auth.middleware.js:35:13)\n    at Layer.handleRequest (D:\\projects\\React-native\\citizen_back\\node_modules\\router\\lib\\layer.js:152:17)\n    at next (D:\\projects\\React-native\\citizen_back\\node_modules\\router\\lib\\route.js:157:13)\n    at Route.dispatch (D:\\projects\\React-native\\citizen_back\\node_modules\\router\\lib\\route.js:117:3)\n    at handle (D:\\projects\\React-native\\citizen_back\\node_modules\\router\\index.js:435:11)\n    at Layer.handleRequest (D:\\projects\\React-native\\citizen_back\\node_modules\\router\\lib\\layer.js:152:17)\n    at D:\\projects\\React-native\\citizen_back\\node_modules\\router\\index.js:295:15\n    at processParams (D:\\projects\\React-native\\citizen_back\\node_modules\\router\\index.js:582:12)\n    at next (D:\\projects\\React-native\\citizen_back\\node_modules\\router\\index.js:291:5)\n    at xXssProtectionMiddleware (D:\\projects\\React-native\\citizen_back\\node_modules\\helmet\\index.cjs:311:3)","timestamp":"2025-09-13 17:18:41:1841","url":"/api/violations"}
{"endpoint":"/api/violations","ip":"127.0.0.1","level":"warn","message":"Помилка автентифікації: Токен авторизації не надано","timestamp":"2025-09-13 17:18:50:1850"}
{"ip":"127.0.0.1","level":"error","message":"Токен авторизації не надано","method":"POST","name":"AppError","stack":"AppError: Токен авторизації не надано\n    at authenticate (D:\\projects\\React-native\\citizen_back\\src\\middleware\\auth.middleware.js:35:13)\n    at Layer.handleRequest (D:\\projects\\React-native\\citizen_back\\node_modules\\router\\lib\\layer.js:152:17)\n    at next (D:\\projects\\React-native\\citizen_back\\node_modules\\router\\lib\\route.js:157:13)\n    at Route.dispatch (D:\\projects\\React-native\\citizen_back\\node_modules\\router\\lib\\route.js:117:3)\n    at handle (D:\\projects\\React-native\\citizen_back\\node_modules\\router\\index.js:435:11)\n    at Layer.handleRequest (D:\\projects\\React-native\\citizen_back\\node_modules\\router\\lib\\layer.js:152:17)\n    at D:\\projects\\React-native\\citizen_back\\node_modules\\router\\index.js:295:15\n    at processParams (D:\\projects\\React-native\\citizen_back\\node_modules\\router\\index.js:582:12)\n    at next (D:\\projects\\React-native\\citizen_back\\node_modules\\router\\index.js:291:5)\n    at xXssProtectionMiddleware (D:\\projects\\React-native\\citizen_back\\node_modules\\helmet\\index.cjs:311:3)","timestamp":"2025-09-13 17:18:50:1850","url":"/api/violations"}
{"endpoint":"/api/violations","ip":"127.0.0.1","level":"warn","message":"Помилка автентифікації: Токен авторизації не надано","timestamp":"2025-09-13 17:19:22:1922"}
{"ip":"127.0.0.1","level":"error","message":"Токен авторизації не надано","method":"GET","name":"AppError","stack":"AppError: Токен авторизації не надано\n    at authenticate (D:\\projects\\React-native\\citizen_back\\src\\middleware\\auth.middleware.js:35:13)\n    at Layer.handleRequest (D:\\projects\\React-native\\citizen_back\\node_modules\\router\\lib\\layer.js:152:17)\n    at next (D:\\projects\\React-native\\citizen_back\\node_modules\\router\\lib\\route.js:157:13)\n    at Route.dispatch (D:\\projects\\React-native\\citizen_back\\node_modules\\router\\lib\\route.js:117:3)\n    at handle (D:\\projects\\React-native\\citizen_back\\node_modules\\router\\index.js:435:11)\n    at Layer.handleRequest (D:\\projects\\React-native\\citizen_back\\node_modules\\router\\lib\\layer.js:152:17)\n    at D:\\projects\\React-native\\citizen_back\\node_modules\\router\\index.js:295:15\n    at processParams (D:\\projects\\React-native\\citizen_back\\node_modules\\router\\index.js:582:12)\n    at next (D:\\projects\\React-native\\citizen_back\\node_modules\\router\\index.js:291:5)\n    at xXssProtectionMiddleware (D:\\projects\\React-native\\citizen_back\\node_modules\\helmet\\index.cjs:311:3)","timestamp":"2025-09-13 17:19:22:1922","url":"/api/violations"}
{"endpoint":"/api/violations","ip":"127.0.0.1","level":"warn","message":"Помилка автентифікації: Токен авторизації не надано","timestamp":"2025-09-13 17:19:57:1957"}
{"ip":"127.0.0.1","level":"error","message":"Токен авторизації не надано","method":"GET","name":"AppError","stack":"AppError: Токен авторизації не надано\n    at authenticate (D:\\projects\\React-native\\citizen_back\\src\\middleware\\auth.middleware.js:35:13)\n    at Layer.handleRequest (D:\\projects\\React-native\\citizen_back\\node_modules\\router\\lib\\layer.js:152:17)\n    at next (D:\\projects\\React-native\\citizen_back\\node_modules\\router\\lib\\route.js:157:13)\n    at Route.dispatch (D:\\projects\\React-native\\citizen_back\\node_modules\\router\\lib\\route.js:117:3)\n    at handle (D:\\projects\\React-native\\citizen_back\\node_modules\\router\\index.js:435:11)\n    at Layer.handleRequest (D:\\projects\\React-native\\citizen_back\\node_modules\\router\\lib\\layer.js:152:17)\n    at D:\\projects\\React-native\\citizen_back\\node_modules\\router\\index.js:295:15\n    at processParams (D:\\projects\\React-native\\citizen_back\\node_modules\\router\\index.js:582:12)\n    at next (D:\\projects\\React-native\\citizen_back\\node_modules\\router\\index.js:291:5)\n    at xXssProtectionMiddleware (D:\\projects\\React-native\\citizen_back\\node_modules\\helmet\\index.cjs:311:3)","timestamp":"2025-09-13 17:19:57:1957","url":"/api/violations"}
{"endpoint":"/api/violations","ip":"127.0.0.1","level":"warn","message":"Помилка автентифікації: Токен авторизації не надано","timestamp":"2025-09-13 17:20:01:201"}
{"ip":"127.0.0.1","level":"error","message":"Токен авторизації не надано","method":"GET","name":"AppError","stack":"AppError: Токен авторизації не надано\n    at authenticate (D:\\projects\\React-native\\citizen_back\\src\\middleware\\auth.middleware.js:35:13)\n    at Layer.handleRequest (D:\\projects\\React-native\\citizen_back\\node_modules\\router\\lib\\layer.js:152:17)\n    at next (D:\\projects\\React-native\\citizen_back\\node_modules\\router\\lib\\route.js:157:13)\n    at Route.dispatch (D:\\projects\\React-native\\citizen_back\\node_modules\\router\\lib\\route.js:117:3)\n    at handle (D:\\projects\\React-native\\citizen_back\\node_modules\\router\\index.js:435:11)\n    at Layer.handleRequest (D:\\projects\\React-native\\citizen_back\\node_modules\\router\\lib\\layer.js:152:17)\n    at D:\\projects\\React-native\\citizen_back\\node_modules\\router\\index.js:295:15\n    at processParams (D:\\projects\\React-native\\citizen_back\\node_modules\\router\\index.js:582:12)\n    at next (D:\\projects\\React-native\\citizen_back\\node_modules\\router\\index.js:291:5)\n    at xXssProtectionMiddleware (D:\\projects\\React-native\\citizen_back\\node_modules\\helmet\\index.cjs:311:3)","timestamp":"2025-09-13 17:20:01:201","url":"/api/violations"}
{"level":"info","message":"Створено користувача: test@example.com","timestamp":"2025-09-13 17:20:37:2037","userId":"68c57db53bde50717c95cf09"}
{"level":"info","message":"Оновлено refresh tokens для користувача: 68c57db53bde50717c95cf09","timestamp":"2025-09-13 17:20:37:2037"}
{"level":"info","message":"Збережено refresh token для користувача 68c57db53bde50717c95cf09","timestamp":"2025-09-13 17:20:37:2037"}
{"level":"info","message":"Зареєстровано нового користувача: test@example.com","timestamp":"2025-09-13 17:20:37:2037"}
{"level":"info","message":"Користувач зареєстрований: test@example.com","timestamp":"2025-09-13 17:20:37:2037","userId":"68c57db53bde50717c95cf09"}
{"level":"info","message":"Отримано SIGINT. Закриття з'єднання з MongoDB...","timestamp":"2025-09-13 17:23:56:2356"}
{"level":"info","message":"Ініціалізація graceful shutdown для MongoDB...","timestamp":"2025-09-13 17:23:56:2356"}
{"level":"info","message":"Отримано SIGINT","timestamp":"2025-09-13 17:23:56:2356"}
{"level":"info","message":"Отримано сигнал для завершення роботи...","timestamp":"2025-09-13 17:23:56:2356"}
{"level":"info","message":"Ініціалізація graceful shutdown для MongoDB...","timestamp":"2025-09-13 17:23:56:2356"}
{"level":"info","message":"Сервер закрито","timestamp":"2025-09-13 17:23:56:2356"}
{"level":"info","message":"Сервер HTTP зупинено","timestamp":"2025-09-13 17:23:56:2356"}
{"level":"info","message":"Cloudinary сконфігуровано успішно","timestamp":"2025-09-13 17:24:00:240"}
{"cloudinaryCloudName":"set","jwtAccessSecret":"set","level":"info","message":"Перевірка конфігурації змінних середовища:","mongodbUri":"set","nodeEnv":"development","port":"3000","redisUrl":"set","timestamp":"2025-09-13 17:24:00:240"}
{"level":"info","message":"Конфігурація перевірена успішно","timestamp":"2025-09-13 17:24:00:240"}
{"level":"info","message":"Redis підключено","timestamp":"2025-09-13 17:24:00:240"}
{"level":"info","message":"Redis підключено для user.repository","timestamp":"2025-09-13 17:24:00:240"}
{"level":"info","message":"Redis підключено для cloudinary сервісу","timestamp":"2025-09-13 17:24:00:240"}
{"level":"info","message":"Redis підключено для violations сервісу","timestamp":"2025-09-13 17:24:00:240"}
{"level":"info","message":"Redis підключено для sync сервісу","timestamp":"2025-09-13 17:24:00:240"}
{"level":"info","message":"Mongoose підключено до MongoDB","timestamp":"2025-09-13 17:24:01:241"}
{"level":"info","message":"Успішно підключено до MongoDB: mongodb+srv://CourseDb:f85iYne04HZelgO6@coursework.h6pcwbr.mongodb.net/?retryWrites=true&w=majority&appName=CourseWork","timestamp":"2025-09-13 17:24:01:241"}
{"level":"info","message":"База даних успішно підключена","timestamp":"2025-09-13 17:24:01:241"}
{"environment":"development","host":"0.0.0.0","level":"info","message":"🚀 Сервер запущено на http://0.0.0.0:3000","pid":24452,"port":"3000","timestamp":"2025-09-13 17:24:01:241"}
{"cloudinaryUrl":"not set","jwtSecret":"***","level":"info","message":"Серверна конфігурація:","mongodbUri":"***","nodeEnv":"development","redisUrl":"set","timestamp":"2025-09-13 17:24:01:241"}
{"level":"error","message":"Помилка отримання дат правопорушень: Cannot read properties of undefined (reading 'id')","timestamp":"2025-09-13 17:24:32:2432"}
{"ip":"127.0.0.1","level":"error","message":"Cannot read properties of undefined (reading 'id')","method":"GET","name":"TypeError","stack":"TypeError: Cannot read properties of undefined (reading 'id')\n    at ViolationsController.getDates (D:\\projects\\React-native\\citizen_back\\src\\controllers\\violations.controller.js:81:31)\n    at D:\\projects\\React-native\\citizen_back\\src\\routes\\violations.routes.js:75:44\n    at Layer.handleRequest (D:\\projects\\React-native\\citizen_back\\node_modules\\router\\lib\\layer.js:152:17)\n    at next (D:\\projects\\React-native\\citizen_back\\node_modules\\router\\lib\\route.js:157:13)\n    at D:\\projects\\React-native\\citizen_back\\node_modules\\express-rate-limit\\dist\\index.cjs:899:7\n    at process.processTicksAndRejections (node:internal/process/task_queues:105:5)\n    at async D:\\projects\\React-native\\citizen_back\\node_modules\\express-rate-limit\\dist\\index.cjs:782:5","timestamp":"2025-09-13 17:24:32:2432","url":"/api/violations/dates"}
{"endpoint":"/api/violations/","ip":"127.0.0.1","level":"warn","message":"Помилка автентифікації: Токен авторизації не надано","timestamp":"2025-09-13 17:25:14:2514"}
{"ip":"127.0.0.1","level":"error","message":"Токен авторизації не надано","method":"GET","name":"AppError","stack":"AppError: Токен авторизації не надано\n    at authenticate (D:\\projects\\React-native\\citizen_back\\src\\middleware\\auth.middleware.js:35:13)\n    at Layer.handleRequest (D:\\projects\\React-native\\citizen_back\\node_modules\\router\\lib\\layer.js:152:17)\n    at next (D:\\projects\\React-native\\citizen_back\\node_modules\\router\\lib\\route.js:157:13)\n    at Route.dispatch (D:\\projects\\React-native\\citizen_back\\node_modules\\router\\lib\\route.js:117:3)\n    at handle (D:\\projects\\React-native\\citizen_back\\node_modules\\router\\index.js:435:11)\n    at Layer.handleRequest (D:\\projects\\React-native\\citizen_back\\node_modules\\router\\lib\\layer.js:152:17)\n    at D:\\projects\\React-native\\citizen_back\\node_modules\\router\\index.js:295:15\n    at processParams (D:\\projects\\React-native\\citizen_back\\node_modules\\router\\index.js:582:12)\n    at next (D:\\projects\\React-native\\citizen_back\\node_modules\\router\\index.js:291:5)\n    at xXssProtectionMiddleware (D:\\projects\\React-native\\citizen_back\\node_modules\\helmet\\index.cjs:311:3)","timestamp":"2025-09-13 17:25:14:2514","url":"/api/violations/"}
{"endpoint":"/api/violations","ip":"127.0.0.1","level":"warn","message":"Помилка автентифікації: Токен авторизації не надано","timestamp":"2025-09-13 17:25:16:2516"}
{"ip":"127.0.0.1","level":"error","message":"Токен авторизації не надано","method":"GET","name":"AppError","stack":"AppError: Токен авторизації не надано\n    at authenticate (D:\\projects\\React-native\\citizen_back\\src\\middleware\\auth.middleware.js:35:13)\n    at Layer.handleRequest (D:\\projects\\React-native\\citizen_back\\node_modules\\router\\lib\\layer.js:152:17)\n    at next (D:\\projects\\React-native\\citizen_back\\node_modules\\router\\lib\\route.js:157:13)\n    at Route.dispatch (D:\\projects\\React-native\\citizen_back\\node_modules\\router\\lib\\route.js:117:3)\n    at handle (D:\\projects\\React-native\\citizen_back\\node_modules\\router\\index.js:435:11)\n    at Layer.handleRequest (D:\\projects\\React-native\\citizen_back\\node_modules\\router\\lib\\layer.js:152:17)\n    at D:\\projects\\React-native\\citizen_back\\node_modules\\router\\index.js:295:15\n    at processParams (D:\\projects\\React-native\\citizen_back\\node_modules\\router\\index.js:582:12)\n    at next (D:\\projects\\React-native\\citizen_back\\node_modules\\router\\index.js:291:5)\n    at xXssProtectionMiddleware (D:\\projects\\React-native\\citizen_back\\node_modules\\helmet\\index.cjs:311:3)","timestamp":"2025-09-13 17:25:16:2516","url":"/api/violations"}
{"level":"info","message":"Отримано SIGINT. Закриття з'єднання з MongoDB...","timestamp":"2025-09-13 17:27:48:2748"}
{"level":"info","message":"Cloudinary сконфігуровано успішно","timestamp":"2025-09-13 17:27:51:2751"}
{"cloudinaryCloudName":"set","jwtAccessSecret":"set","level":"info","message":"Перевірка конфігурації змінних середовища:","mongodbUri":"set","nodeEnv":"development","port":"3000","redisUrl":"set","timestamp":"2025-09-13 17:27:51:2751"}
{"level":"info","message":"Конфігурація перевірена успішно","timestamp":"2025-09-13 17:27:51:2751"}
{"level":"info","message":"Redis підключено","timestamp":"2025-09-13 17:27:51:2751"}
{"level":"info","message":"Redis підключено для user.repository","timestamp":"2025-09-13 17:27:51:2751"}
{"level":"info","message":"Redis підключено для cloudinary сервісу","timestamp":"2025-09-13 17:27:51:2751"}
{"level":"info","message":"Redis підключено для violations сервісу","timestamp":"2025-09-13 17:27:51:2751"}
{"level":"info","message":"Redis підключено для sync сервісу","timestamp":"2025-09-13 17:27:51:2751"}
{"level":"info","message":"Mongoose підключено до MongoDB","timestamp":"2025-09-13 17:27:51:2751"}
{"level":"info","message":"Успішно підключено до MongoDB: mongodb+srv://CourseDb:f85iYne04HZelgO6@coursework.h6pcwbr.mongodb.net/?retryWrites=true&w=majority&appName=CourseWork","timestamp":"2025-09-13 17:27:51:2751"}
{"level":"info","message":"База даних успішно підключена","timestamp":"2025-09-13 17:27:51:2751"}
{"environment":"development","host":"0.0.0.0","level":"info","message":"🚀 Сервер запущено на http://0.0.0.0:3000","pid":23476,"port":"3000","timestamp":"2025-09-13 17:27:52:2752"}
{"cloudinaryUrl":"not set","jwtSecret":"***","level":"info","message":"Серверна конфігурація:","mongodbUri":"***","nodeEnv":"development","redisUrl":"set","timestamp":"2025-09-13 17:27:52:2752"}
{"level":"error","message":"Помилка отримання правопорушень: Cannot read properties of undefined (reading 'id')","timestamp":"2025-09-13 17:27:58:2758"}
{"ip":"127.0.0.1","level":"error","message":"Cannot read properties of undefined (reading 'id')","method":"GET","name":"TypeError","stack":"TypeError: Cannot read properties of undefined (reading 'id')\n    at ViolationsController.getViolations (D:\\projects\\React-native\\citizen_back\\src\\controllers\\violations.controller.js:157:31)\n    at process.processTicksAndRejections (node:internal/process/task_queues:105:5)","timestamp":"2025-09-13 17:27:58:2758","url":"/api/violations"}
{"ip":"127.0.0.1","level":"error","message":"Не знайдено ендпойнт /api/auth/login","method":"GET","name":"AppError","stack":"AppError: Не знайдено ендпойнт /api/auth/login\n    at D:\\projects\\React-native\\citizen_back\\src\\routes\\auth.routes.js:152:8\n    at Layer.handleRequest (D:\\projects\\React-native\\citizen_back\\node_modules\\router\\lib\\layer.js:152:17)\n    at trimPrefix (D:\\projects\\React-native\\citizen_back\\node_modules\\router\\index.js:342:13)\n    at D:\\projects\\React-native\\citizen_back\\node_modules\\router\\index.js:297:9\n    at processParams (D:\\projects\\React-native\\citizen_back\\node_modules\\router\\index.js:582:12)\n    at next (D:\\projects\\React-native\\citizen_back\\node_modules\\router\\index.js:291:5)\n    at Function.handle (D:\\projects\\React-native\\citizen_back\\node_modules\\router\\index.js:186:3)\n    at router (D:\\projects\\React-native\\citizen_back\\node_modules\\router\\index.js:60:12)\n    at Layer.handleRequest (D:\\projects\\React-native\\citizen_back\\node_modules\\router\\lib\\layer.js:152:17)\n    at trimPrefix (D:\\projects\\React-native\\citizen_back\\node_modules\\router\\index.js:342:13)","timestamp":"2025-09-13 17:28:45:2845","url":"/api/auth/login"}
{"level":"info","message":"Оновлено refresh tokens для користувача: 68c57db53bde50717c95cf09","timestamp":"2025-09-13 17:28:52:2852"}
{"level":"info","message":"Збережено refresh token для користувача 68c57db53bde50717c95cf09","timestamp":"2025-09-13 17:28:52:2852"}
{"level":"info","message":"Користувач увійшов: test@example.com","timestamp":"2025-09-13 17:28:52:2852"}
{"level":"info","message":"Користувач увійшов: test@example.com","timestamp":"2025-09-13 17:28:52:2852","userId":"68c57db53bde50717c95cf09"}
{"endpoint":"/api/violations","ip":"127.0.0.1","level":"warn","message":"Помилка автентифікації: Недійсний токен доступу","timestamp":"2025-09-13 17:35:52:3552"}
{"ip":"127.0.0.1","level":"error","message":"Недійсний токен доступу","method":"POST","name":"AppError","stack":"AppError: Недійсний токен доступу\n    at TokenService.validateAccessToken (D:\\projects\\React-native\\citizen_back\\src\\services\\token.service.js:161:15)\n    at authenticate (D:\\projects\\React-native\\citizen_back\\src\\middleware\\auth.middleware.js:41:34)\n    at Layer.handleRequest (D:\\projects\\React-native\\citizen_back\\node_modules\\router\\lib\\layer.js:152:17)\n    at next (D:\\projects\\React-native\\citizen_back\\node_modules\\router\\lib\\route.js:157:13)\n    at Route.dispatch (D:\\projects\\React-native\\citizen_back\\node_modules\\router\\lib\\route.js:117:3)\n    at handle (D:\\projects\\React-native\\citizen_back\\node_modules\\router\\index.js:435:11)\n    at Layer.handleRequest (D:\\projects\\React-native\\citizen_back\\node_modules\\router\\lib\\layer.js:152:17)\n    at D:\\projects\\React-native\\citizen_back\\node_modules\\router\\index.js:295:15\n    at processParams (D:\\projects\\React-native\\citizen_back\\node_modules\\router\\index.js:582:12)\n    at next (D:\\projects\\React-native\\citizen_back\\node_modules\\router\\index.js:291:5)","timestamp":"2025-09-13 17:35:52:3552","url":"/api/violations"}
{"level":"info","message":"Отримано SIGINT. Закриття з'єднання з MongoDB...","timestamp":"2025-09-13 17:36:43:3643"}
{"level":"info","message":"Cloudinary сконфігуровано успішно","timestamp":"2025-09-13 17:36:45:3645"}
{"cloudinaryCloudName":"set","jwtAccessSecret":"set","level":"info","message":"Перевірка конфігурації змінних середовища:","mongodbUri":"set","nodeEnv":"development","port":"3000","redisUrl":"set","timestamp":"2025-09-13 17:36:45:3645"}
{"level":"info","message":"Конфігурація перевірена успішно","timestamp":"2025-09-13 17:36:45:3645"}
{"level":"info","message":"Redis підключено","timestamp":"2025-09-13 17:36:45:3645"}
{"level":"info","message":"Redis підключено для user.repository","timestamp":"2025-09-13 17:36:45:3645"}
{"level":"info","message":"Redis підключено для cloudinary сервісу","timestamp":"2025-09-13 17:36:45:3645"}
{"level":"info","message":"Redis підключено для violations сервісу","timestamp":"2025-09-13 17:36:45:3645"}
{"level":"info","message":"Redis підключено для sync сервісу","timestamp":"2025-09-13 17:36:45:3645"}
{"level":"info","message":"Mongoose підключено до MongoDB","timestamp":"2025-09-13 17:36:46:3646"}
{"level":"info","message":"Успішно підключено до MongoDB: mongodb+srv://CourseDb:f85iYne04HZelgO6@coursework.h6pcwbr.mongodb.net/?retryWrites=true&w=majority&appName=CourseWork","timestamp":"2025-09-13 17:36:46:3646"}
{"level":"info","message":"База даних успішно підключена","timestamp":"2025-09-13 17:36:46:3646"}
{"environment":"development","host":"0.0.0.0","level":"info","message":"🚀 Сервер запущено на http://0.0.0.0:3000","pid":10232,"port":"3000","timestamp":"2025-09-13 17:36:46:3646"}
{"cloudinaryUrl":"not set","jwtSecret":"***","level":"info","message":"Серверна конфігурація:","mongodbUri":"***","nodeEnv":"development","redisUrl":"set","timestamp":"2025-09-13 17:36:46:3646"}
{"endpoint":"/api/violations","ip":"127.0.0.1","level":"warn","message":"Помилка автентифікації: Токен авторизації не надано","timestamp":"2025-09-13 17:37:04:374"}
{"ip":"127.0.0.1","level":"error","message":"Токен авторизації не надано","method":"POST","name":"AppError","stack":"AppError: Токен авторизації не надано\n    at authenticate (D:\\projects\\React-native\\citizen_back\\src\\middleware\\auth.middleware.js:35:13)\n    at Layer.handleRequest (D:\\projects\\React-native\\citizen_back\\node_modules\\router\\lib\\layer.js:152:17)\n    at next (D:\\projects\\React-native\\citizen_back\\node_modules\\router\\lib\\route.js:157:13)\n    at Route.dispatch (D:\\projects\\React-native\\citizen_back\\node_modules\\router\\lib\\route.js:117:3)\n    at handle (D:\\projects\\React-native\\citizen_back\\node_modules\\router\\index.js:435:11)\n    at Layer.handleRequest (D:\\projects\\React-native\\citizen_back\\node_modules\\router\\lib\\layer.js:152:17)\n    at D:\\projects\\React-native\\citizen_back\\node_modules\\router\\index.js:295:15\n    at processParams (D:\\projects\\React-native\\citizen_back\\node_modules\\router\\index.js:582:12)\n    at next (D:\\projects\\React-native\\citizen_back\\node_modules\\router\\index.js:291:5)\n    at xXssProtectionMiddleware (D:\\projects\\React-native\\citizen_back\\node_modules\\helmet\\index.cjs:311:3)","timestamp":"2025-09-13 17:37:04:374","url":"/api/violations"}
{"level":"info","message":"Отримано SIGINT. Закриття з'єднання з MongoDB...","timestamp":"2025-09-13 17:49:00:490"}
{"level":"info","message":"Cloudinary сконфігуровано успішно","timestamp":"2025-09-13 17:49:05:495"}
{"cloudinaryCloudName":"set","jwtAccessSecret":"set","level":"info","message":"Перевірка конфігурації змінних середовища:","mongodbUri":"set","nodeEnv":"development","port":"3000","redisUrl":"set","timestamp":"2025-09-13 17:49:05:495"}
{"level":"info","message":"Конфігурація перевірена успішно","timestamp":"2025-09-13 17:49:05:495"}
{"level":"info","message":"Redis підключено","timestamp":"2025-09-13 17:49:05:495"}
{"level":"info","message":"Redis підключено для user.repository","timestamp":"2025-09-13 17:49:05:495"}
{"level":"info","message":"Redis підключено для cloudinary сервісу","timestamp":"2025-09-13 17:49:05:495"}
{"level":"info","message":"Redis підключено для violations сервісу","timestamp":"2025-09-13 17:49:05:495"}
{"level":"info","message":"Redis підключено для sync сервісу","timestamp":"2025-09-13 17:49:05:495"}
{"level":"info","message":"Mongoose підключено до MongoDB","timestamp":"2025-09-13 17:49:06:496"}
{"level":"info","message":"Успішно підключено до MongoDB: mongodb+srv://CourseDb:f85iYne04HZelgO6@coursework.h6pcwbr.mongodb.net/?retryWrites=true&w=majority&appName=CourseWork","timestamp":"2025-09-13 17:49:06:496"}
{"level":"info","message":"База даних успішно підключена","timestamp":"2025-09-13 17:49:06:496"}
{"environment":"development","host":"0.0.0.0","level":"info","message":"🚀 Сервер запущено на http://0.0.0.0:3000","pid":21000,"port":"3000","timestamp":"2025-09-13 17:49:06:496"}
{"cloudinaryUrl":"not set","jwtSecret":"***","level":"info","message":"Серверна конфігурація:","mongodbUri":"***","nodeEnv":"development","redisUrl":"set","timestamp":"2025-09-13 17:49:06:496"}
{"level":"info","message":"Отримано SIGINT. Закриття з'єднання з MongoDB...","timestamp":"2025-09-13 18:12:21:1221"}
{"level":"info","message":"Ініціалізація graceful shutdown для MongoDB...","timestamp":"2025-09-13 18:12:21:1221"}
{"level":"info","message":"Отримано SIGINT","timestamp":"2025-09-13 18:12:21:1221"}
{"level":"info","message":"Отримано сигнал для завершення роботи...","timestamp":"2025-09-13 18:12:21:1221"}
{"level":"info","message":"Ініціалізація graceful shutdown для MongoDB...","timestamp":"2025-09-13 18:12:21:1221"}
{"level":"info","message":"Сервер закрито","timestamp":"2025-09-13 18:12:21:1221"}
{"level":"info","message":"Сервер HTTP зупинено","timestamp":"2025-09-13 18:12:21:1221"}
{"level":"info","message":"Cloudinary сконфігуровано успішно","timestamp":"2025-09-13 18:17:16:1716"}
{"cloudinaryCloudName":"set","jwtAccessSecret":"set","level":"info","message":"Перевірка конфігурації змінних середовища:","mongodbUri":"set","nodeEnv":"development","port":"3000","redisUrl":"set","timestamp":"2025-09-13 18:17:17:1717"}
{"level":"info","message":"Конфігурація перевірена успішно","timestamp":"2025-09-13 18:17:17:1717"}
{"level":"info","message":"Redis підключено","timestamp":"2025-09-13 18:17:17:1717"}
{"level":"info","message":"Redis підключено для user.repository","timestamp":"2025-09-13 18:17:17:1717"}
{"level":"info","message":"Redis підключено для sync сервісу","timestamp":"2025-09-13 18:17:17:1717"}
{"level":"info","message":"Redis підключено для cloudinary сервісу","timestamp":"2025-09-13 18:17:17:1717"}
{"level":"info","message":"Redis підключено для violations сервісу","timestamp":"2025-09-13 18:17:17:1717"}
{"level":"info","message":"Mongoose підключено до MongoDB","timestamp":"2025-09-13 18:17:17:1717"}
{"level":"info","message":"Успішно підключено до MongoDB: mongodb+srv://CourseDb:f85iYne04HZelgO6@coursework.h6pcwbr.mongodb.net/?retryWrites=true&w=majority&appName=CourseWork","timestamp":"2025-09-13 18:17:17:1717"}
{"level":"info","message":"База даних успішно підключена","timestamp":"2025-09-13 18:17:17:1717"}
{"environment":"development","host":"0.0.0.0","level":"info","message":"🚀 Сервер запущено на http://0.0.0.0:3000","pid":5584,"port":"3000","timestamp":"2025-09-13 18:17:17:1717"}
{"cloudinaryUrl":"not set","jwtSecret":"***","level":"info","message":"Серверна конфігурація:","mongodbUri":"***","nodeEnv":"development","redisUrl":"set","timestamp":"2025-09-13 18:17:17:1717"}
{"level":"warn","message":"Mongoose втрачено з'єднання з MongoDB","timestamp":"2025-09-13 18:32:19:3219"}
{"level":"info","message":"Mongoose підключено до MongoDB","timestamp":"2025-09-13 18:32:19:3219"}
{"level":"info","message":"Mongoose повторно підключено до MongoDB","timestamp":"2025-09-13 18:32:19:3219"}
{"level":"error","message":"Помилка отримання правопорушень: Cannot read properties of undefined (reading 'id')","timestamp":"2025-09-13 19:08:42:842"}
{"ip":"192.168.3.38","level":"error","message":"Cannot read properties of undefined (reading 'id')","method":"GET","name":"TypeError","stack":"TypeError: Cannot read properties of undefined (reading 'id')\n    at ViolationsController.getViolations (D:\\projects\\React-native\\citizen_back\\src\\controllers\\violations.controller.js:157:31)\n    at process.processTicksAndRejections (node:internal/process/task_queues:105:5)","timestamp":"2025-09-13 19:08:42:842","url":"/api/violations"}
{"level":"info","message":"Створено користувача: test@gmail.com","timestamp":"2025-09-13 19:09:05:95","userId":"68c5972113670e13bd728ac2"}
{"level":"info","message":"Оновлено refresh tokens для користувача: 68c5972113670e13bd728ac2","timestamp":"2025-09-13 19:09:05:95"}
{"level":"info","message":"Збережено refresh token для користувача 68c5972113670e13bd728ac2","timestamp":"2025-09-13 19:09:05:95"}
{"level":"info","message":"Зареєстровано нового користувача: test@gmail.com","timestamp":"2025-09-13 19:09:05:95"}
{"level":"info","message":"Користувач зареєстрований: test@gmail.com","timestamp":"2025-09-13 19:09:05:95","userId":"68c5972113670e13bd728ac2"}
{"level":"info","message":"Створено користувача: test@gmail.com","timestamp":"2025-09-13 19:14:03:143","userId":"68c5984b13670e13bd728ac9"}
{"level":"info","message":"Оновлено refresh tokens для користувача: 68c5984b13670e13bd728ac9","timestamp":"2025-09-13 19:14:03:143"}
{"level":"info","message":"Збережено refresh token для користувача 68c5984b13670e13bd728ac9","timestamp":"2025-09-13 19:14:03:143"}
{"level":"info","message":"Зареєстровано нового користувача: test@gmail.com","timestamp":"2025-09-13 19:14:03:143"}
{"level":"info","message":"Користувач зареєстрований: test@gmail.com","timestamp":"2025-09-13 19:14:03:143","userId":"68c5984b13670e13bd728ac9"}
{"email":"test@gmail.com","error":"Користувач з таким email вже існує","level":"error","message":"Помилка реєстрації: Користувач з таким email вже існує","stack":"AppError: Користувач з таким email вже існує\n    at AuthService.register (D:\\projects\\React-native\\citizen_back\\src\\services\\auth.service.js:40:13)\n    at process.processTicksAndRejections (node:internal/process/task_queues:105:5)\n    at async AuthController.register (D:\\projects\\React-native\\citizen_back\\src\\controllers\\auth.controller.js:32:22)","timestamp":"2025-09-13 19:15:11:1511"}
{"level":"info","message":"Створено користувача: test@gmail.com","timestamp":"2025-09-13 19:20:11:2011","userId":"68c599bb13670e13bd728ad2"}
{"level":"info","message":"Оновлено refresh tokens для користувача: 68c599bb13670e13bd728ad2","timestamp":"2025-09-13 19:20:11:2011"}
{"level":"info","message":"Збережено refresh token для користувача 68c599bb13670e13bd728ad2","timestamp":"2025-09-13 19:20:11:2011"}
{"level":"info","message":"Зареєстровано нового користувача: test@gmail.com","timestamp":"2025-09-13 19:20:11:2011"}
{"level":"info","message":"Користувач зареєстрований: test@gmail.com","timestamp":"2025-09-13 19:20:11:2011","userId":"68c599bb13670e13bd728ad2"}
{"endpoint":"/api/auth/me","ip":"192.168.3.38","level":"warn","message":"Помилка автентифікації: Користувача не знайдено","timestamp":"2025-09-13 19:30:37:3037"}
{"ip":"192.168.3.38","level":"error","message":"Користувача не знайдено","method":"GET","name":"NotFoundError","stack":"NotFoundError: Користувача не знайдено\n    at UserRepository.findById (D:\\projects\\React-native\\citizen_back\\src\\repositories\\user.repository.js:111:15)\n    at process.processTicksAndRejections (node:internal/process/task_queues:105:5)\n    at async authenticate (D:\\projects\\React-native\\citizen_back\\src\\middleware\\auth.middleware.js:56:18)","timestamp":"2025-09-13 19:30:37:3037","url":"/api/auth/me"}
{"level":"info","message":"Створено користувача: test@gmail.com","timestamp":"2025-09-13 19:31:35:3135","userId":"68c59c6713670e13bd728ada"}
{"level":"info","message":"Оновлено refresh tokens для користувача: 68c59c6713670e13bd728ada","timestamp":"2025-09-13 19:31:35:3135"}
{"level":"info","message":"Збережено refresh token для користувача 68c59c6713670e13bd728ada","timestamp":"2025-09-13 19:31:35:3135"}
{"level":"info","message":"Зареєстровано нового користувача: test@gmail.com","timestamp":"2025-09-13 19:31:35:3135"}
{"level":"info","message":"Користувач зареєстрований: test@gmail.com","timestamp":"2025-09-13 19:31:35:3135","userId":"68c59c6713670e13bd728ada"}
{"level":"info","message":"Cloudinary сконфігуровано успішно","timestamp":"2025-09-16 13:57:09:579"}
{"cloudinaryCloudName":"set","jwtAccessSecret":"set","level":"info","message":"Перевірка конфігурації змінних середовища:","mongodbUri":"set","nodeEnv":"development","port":"3000","redisUrl":"set","timestamp":"2025-09-16 13:57:10:5710"}
{"level":"info","message":"Конфігурація перевірена успішно","timestamp":"2025-09-16 13:57:10:5710"}
{"level":"info","message":"Redis підключено","timestamp":"2025-09-16 13:57:10:5710"}
{"level":"info","message":"Redis підключено для user.repository","timestamp":"2025-09-16 13:57:10:5710"}
{"level":"info","message":"Redis підключено для cloudinary сервісу","timestamp":"2025-09-16 13:57:10:5710"}
{"level":"info","message":"Redis підключено для violations сервісу","timestamp":"2025-09-16 13:57:10:5710"}
{"level":"info","message":"Redis підключено для sync сервісу","timestamp":"2025-09-16 13:57:10:5710"}
{"level":"info","message":"Mongoose підключено до MongoDB","timestamp":"2025-09-16 13:57:11:5711"}
{"level":"info","message":"Успішно підключено до MongoDB: mongodb+srv://CourseDb:f85iYne04HZelgO6@coursework.h6pcwbr.mongodb.net/?retryWrites=true&w=majority&appName=CourseWork","timestamp":"2025-09-16 13:57:11:5711"}
{"level":"info","message":"База даних успішно підключена","timestamp":"2025-09-16 13:57:11:5711"}
{"environment":"development","host":"0.0.0.0","level":"info","message":"🚀 Сервер запущено на http://0.0.0.0:3000","pid":11864,"port":"3000","timestamp":"2025-09-16 13:57:11:5711"}
{"cloudinaryUrl":"not set","jwtSecret":"***","level":"info","message":"Серверна конфігурація:","mongodbUri":"***","nodeEnv":"development","redisUrl":"set","timestamp":"2025-09-16 13:57:11:5711"}
{"endpoint":"/api/auth/me","ip":"192.168.3.27","level":"warn","message":"Помилка автентифікації: Токен доступу прострочений","timestamp":"2025-09-16 14:02:45:245"}
{"ip":"192.168.3.27","level":"error","message":"Токен доступу прострочений","method":"GET","name":"AppError","stack":"AppError: Токен доступу прострочений\n    at TokenService.validateAccessToken (D:\\projects\\React-native\\citizen_back\\src\\services\\token.service.js:158:15)\n    at authenticate (D:\\projects\\React-native\\citizen_back\\src\\middleware\\auth.middleware.js:41:34)\n    at Layer.handleRequest (D:\\projects\\React-native\\citizen_back\\node_modules\\router\\lib\\layer.js:152:17)\n    at next (D:\\projects\\React-native\\citizen_back\\node_modules\\router\\lib\\route.js:157:13)\n    at Route.dispatch (D:\\projects\\React-native\\citizen_back\\node_modules\\router\\lib\\route.js:117:3)\n    at handle (D:\\projects\\React-native\\citizen_back\\node_modules\\router\\index.js:435:11)\n    at Layer.handleRequest (D:\\projects\\React-native\\citizen_back\\node_modules\\router\\lib\\layer.js:152:17)\n    at D:\\projects\\React-native\\citizen_back\\node_modules\\router\\index.js:295:15\n    at processParams (D:\\projects\\React-native\\citizen_back\\node_modules\\router\\index.js:582:12)\n    at next (D:\\projects\\React-native\\citizen_back\\node_modules\\router\\index.js:291:5)","timestamp":"2025-09-16 14:02:45:245","url":"/api/auth/me"}
{"level":"error","message":"Помилка отримання правопорушень: Cannot read properties of undefined (reading 'id')","timestamp":"2025-09-16 14:02:48:248"}
{"ip":"192.168.3.27","level":"error","message":"Cannot read properties of undefined (reading 'id')","method":"GET","name":"TypeError","stack":"TypeError: Cannot read properties of undefined (reading 'id')\n    at ViolationsController.getViolations (D:\\projects\\React-native\\citizen_back\\src\\controllers\\violations.controller.js:157:31)\n    at process.processTicksAndRejections (node:internal/process/task_queues:105:5)","timestamp":"2025-09-16 14:02:48:248","url":"/api/violations"}
{"level":"error","message":"Помилка отримання правопорушень: Cannot read properties of undefined (reading 'id')","timestamp":"2025-09-16 14:03:08:38"}
{"ip":"192.168.3.27","level":"error","message":"Cannot read properties of undefined (reading 'id')","method":"GET","name":"TypeError","stack":"TypeError: Cannot read properties of undefined (reading 'id')\n    at ViolationsController.getViolations (D:\\projects\\React-native\\citizen_back\\src\\controllers\\violations.controller.js:157:31)\n    at process.processTicksAndRejections (node:internal/process/task_queues:105:5)","timestamp":"2025-09-16 14:03:08:38","url":"/api/violations"}
{"errors":[{"location":"body","message":"Будь ласка, оберіть більш надійний пароль","value":"Password1234"}],"level":"warn","message":"Помилка валідації","method":"POST","timestamp":"2025-09-16 14:04:30:430","url":"/api/auth/register"}
{"errors":[{"location":"body","message":"Будь ласка, оберіть більш надійний пароль","value":"Password12345"}],"level":"warn","message":"Помилка валідації","method":"POST","timestamp":"2025-09-16 14:05:03:53","url":"/api/auth/register"}
{"level":"info","message":"Створено користувача: test@gmail.com","timestamp":"2025-09-16 14:05:22:522","userId":"68c94472a3d185d3da6f8f5a"}
{"level":"info","message":"Оновлено refresh tokens для користувача: 68c94472a3d185d3da6f8f5a","timestamp":"2025-09-16 14:05:22:522"}
{"level":"info","message":"Збережено refresh token для користувача 68c94472a3d185d3da6f8f5a","timestamp":"2025-09-16 14:05:22:522"}
{"level":"info","message":"Зареєстровано нового користувача: test@gmail.com","timestamp":"2025-09-16 14:05:22:522"}
{"level":"info","message":"Користувач зареєстрований: test@gmail.com","timestamp":"2025-09-16 14:05:22:522","userId":"68c94472a3d185d3da6f8f5a"}
{"endpoint":"/api/auth/me","level":"info","message":"Авторизований запит від користувача: test@gmail.com","method":"GET","timestamp":"2025-09-16 14:10:18:1018","userId":"68c94472a3d185d3da6f8f5a"}
{"level":"error","message":"Помилка отримання правопорушень: Cannot read properties of undefined (reading 'id')","timestamp":"2025-09-16 14:10:18:1018"}
{"ip":"192.168.3.27","level":"error","message":"Cannot read properties of undefined (reading 'id')","method":"GET","name":"TypeError","stack":"TypeError: Cannot read properties of undefined (reading 'id')\n    at ViolationsController.getViolations (D:\\projects\\React-native\\citizen_back\\src\\controllers\\violations.controller.js:157:31)\n    at process.processTicksAndRejections (node:internal/process/task_queues:105:5)","timestamp":"2025-09-16 14:10:18:1018","url":"/api/violations"}
{"level":"info","message":"Оновлено refresh tokens для користувача: 68c94472a3d185d3da6f8f5a","timestamp":"2025-09-16 14:10:27:1027"}
{"level":"info","message":"Видалено refresh token для користувача 68c94472a3d185d3da6f8f5a","timestamp":"2025-09-16 14:10:27:1027"}
{"level":"info","message":"Користувач вийшов з системи: 68c94472a3d185d3da6f8f5a","timestamp":"2025-09-16 14:10:27:1027"}
{"level":"error","message":"Помилка отримання правопорушень: Cannot read properties of undefined (reading 'id')","timestamp":"2025-09-16 14:11:36:1136"}
{"ip":"192.168.3.27","level":"error","message":"Cannot read properties of undefined (reading 'id')","method":"GET","name":"TypeError","stack":"TypeError: Cannot read properties of undefined (reading 'id')\n    at ViolationsController.getViolations (D:\\projects\\React-native\\citizen_back\\src\\controllers\\violations.controller.js:157:31)\n    at process.processTicksAndRejections (node:internal/process/task_queues:105:5)","timestamp":"2025-09-16 14:11:36:1136","url":"/api/violations"}
{"level":"error","message":"Помилка отримання правопорушень: Cannot read properties of undefined (reading 'id')","timestamp":"2025-09-16 14:11:39:1139"}
{"ip":"192.168.3.27","level":"error","message":"Cannot read properties of undefined (reading 'id')","method":"GET","name":"TypeError","stack":"TypeError: Cannot read properties of undefined (reading 'id')\n    at ViolationsController.getViolations (D:\\projects\\React-native\\citizen_back\\src\\controllers\\violations.controller.js:157:31)\n    at process.processTicksAndRejections (node:internal/process/task_queues:105:5)","timestamp":"2025-09-16 14:11:39:1139","url":"/api/violations"}
{"level":"info","message":"Оновлено refresh tokens для користувача: 68c94472a3d185d3da6f8f5a","timestamp":"2025-09-16 14:19:23:1923"}
{"level":"info","message":"Збережено refresh token для користувача 68c94472a3d185d3da6f8f5a","timestamp":"2025-09-16 14:19:23:1923"}
{"level":"info","message":"Користувач увійшов: test@gmail.com","timestamp":"2025-09-16 14:19:23:1923"}
{"level":"info","message":"Користувач увійшов: test@gmail.com","timestamp":"2025-09-16 14:19:23:1923","userId":"68c94472a3d185d3da6f8f5a"}
{"level":"info","message":"Оновлено refresh tokens для користувача: 68c94472a3d185d3da6f8f5a","timestamp":"2025-09-16 14:25:58:2558"}
{"level":"info","message":"Збережено refresh token для користувача 68c94472a3d185d3da6f8f5a","timestamp":"2025-09-16 14:25:58:2558"}
{"level":"info","message":"Користувач увійшов: test@gmail.com","timestamp":"2025-09-16 14:25:58:2558"}
{"level":"info","message":"Користувач увійшов: test@gmail.com","timestamp":"2025-09-16 14:25:58:2558","userId":"68c94472a3d185d3da6f8f5a"}
{"level":"info","message":"Оновлено refresh tokens для користувача: 68c94472a3d185d3da6f8f5a","timestamp":"2025-09-16 15:24:11:2411"}
{"level":"info","message":"Збережено refresh token для користувача 68c94472a3d185d3da6f8f5a","timestamp":"2025-09-16 15:24:11:2411"}
{"level":"info","message":"Користувач увійшов: test@gmail.com","timestamp":"2025-09-16 15:24:11:2411"}
{"level":"info","message":"Користувач увійшов: test@gmail.com","timestamp":"2025-09-16 15:24:11:2411","userId":"68c94472a3d185d3da6f8f5a"}
{"level":"error","message":"Помилка отримання правопорушень: Cannot read properties of undefined (reading 'id')","timestamp":"2025-09-16 15:24:11:2411"}
{"ip":"192.168.3.27","level":"error","message":"Cannot read properties of undefined (reading 'id')","method":"GET","name":"TypeError","stack":"TypeError: Cannot read properties of undefined (reading 'id')\n    at ViolationsController.getViolations (D:\\projects\\React-native\\citizen_back\\src\\controllers\\violations.controller.js:157:31)\n    at process.processTicksAndRejections (node:internal/process/task_queues:105:5)","timestamp":"2025-09-16 15:24:11:2411","url":"/api/violations"}
{"endpoint":"/api/auth/logout","level":"info","message":"Авторизований запит від користувача: test@gmail.com","method":"POST","timestamp":"2025-09-16 15:24:21:2421","userId":"68c94472a3d185d3da6f8f5a"}
{"level":"info","message":"Оновлено refresh tokens для користувача: 68c94472a3d185d3da6f8f5a","timestamp":"2025-09-16 15:24:21:2421"}
{"level":"info","message":"Видалено refresh token для користувача 68c94472a3d185d3da6f8f5a","timestamp":"2025-09-16 15:24:21:2421"}
{"level":"info","message":"Користувач вийшов з системи: 68c94472a3d185d3da6f8f5a","timestamp":"2025-09-16 15:24:21:2421"}
{"errors":[{"location":"body","message":"Ім'я містить недопустимі символи","value":"test2"},{"location":"body","message":"Прізвище містить недопустимі символи","value":"Test2"}],"level":"warn","message":"Помилка валідації","method":"POST","timestamp":"2025-09-16 15:24:59:2459","url":"/api/auth/register"}
{"level":"info","message":"Створено користувача: test2@gmail.com","timestamp":"2025-09-16 15:25:20:2520","userId":"68c95730a3d185d3da6f8f99"}
{"level":"info","message":"Оновлено refresh tokens для користувача: 68c95730a3d185d3da6f8f99","timestamp":"2025-09-16 15:25:20:2520"}
{"level":"info","message":"Збережено refresh token для користувача 68c95730a3d185d3da6f8f99","timestamp":"2025-09-16 15:25:20:2520"}
{"level":"info","message":"Зареєстровано нового користувача: test2@gmail.com","timestamp":"2025-09-16 15:25:20:2520"}
{"level":"info","message":"Користувач зареєстрований: test2@gmail.com","timestamp":"2025-09-16 15:25:20:2520","userId":"68c95730a3d185d3da6f8f99"}
{"level":"info","message":"Оновлено refresh tokens для користувача: 68c94472a3d185d3da6f8f5a","timestamp":"2025-09-16 15:26:39:2639"}
{"level":"info","message":"Збережено refresh token для користувача 68c94472a3d185d3da6f8f5a","timestamp":"2025-09-16 15:26:39:2639"}
{"level":"info","message":"Користувач увійшов: test@gmail.com","timestamp":"2025-09-16 15:26:39:2639"}
{"level":"info","message":"Користувач увійшов: test@gmail.com","timestamp":"2025-09-16 15:26:39:2639","userId":"68c94472a3d185d3da6f8f5a"}
{"level":"error","message":"Помилка отримання правопорушень: Cannot read properties of undefined (reading 'id')","timestamp":"2025-09-16 15:26:39:2639"}
{"ip":"192.168.3.27","level":"error","message":"Cannot read properties of undefined (reading 'id')","method":"GET","name":"TypeError","stack":"TypeError: Cannot read properties of undefined (reading 'id')\n    at ViolationsController.getViolations (D:\\projects\\React-native\\citizen_back\\src\\controllers\\violations.controller.js:157:31)\n    at process.processTicksAndRejections (node:internal/process/task_queues:105:5)","timestamp":"2025-09-16 15:26:39:2639","url":"/api/violations"}
{"endpoint":"/api/auth/me","level":"info","message":"Авторизований запит від користувача: test@gmail.com","method":"GET","timestamp":"2025-09-16 15:26:49:2649","userId":"68c94472a3d185d3da6f8f5a"}
{"level":"error","message":"Помилка отримання правопорушень: Cannot read properties of undefined (reading 'id')","timestamp":"2025-09-16 15:26:49:2649"}
{"ip":"192.168.3.27","level":"error","message":"Cannot read properties of undefined (reading 'id')","method":"GET","name":"TypeError","stack":"TypeError: Cannot read properties of undefined (reading 'id')\n    at ViolationsController.getViolations (D:\\projects\\React-native\\citizen_back\\src\\controllers\\violations.controller.js:157:31)\n    at process.processTicksAndRejections (node:internal/process/task_queues:105:5)","timestamp":"2025-09-16 15:26:49:2649","url":"/api/violations"}
{"level":"error","message":"Помилка отримання правопорушень: Cannot read properties of undefined (reading 'id')","timestamp":"2025-09-16 15:27:50:2750"}
{"ip":"192.168.3.27","level":"error","message":"Cannot read properties of undefined (reading 'id')","method":"GET","name":"TypeError","stack":"TypeError: Cannot read properties of undefined (reading 'id')\n    at ViolationsController.getViolations (D:\\projects\\React-native\\citizen_back\\src\\controllers\\violations.controller.js:157:31)\n    at process.processTicksAndRejections (node:internal/process/task_queues:105:5)","timestamp":"2025-09-16 15:27:50:2750","url":"/api/violations"}
{"level":"error","message":"Помилка отримання правопорушень: Cannot read properties of undefined (reading 'id')","timestamp":"2025-09-16 15:27:53:2753"}
{"ip":"192.168.3.27","level":"error","message":"Cannot read properties of undefined (reading 'id')","method":"GET","name":"TypeError","stack":"TypeError: Cannot read properties of undefined (reading 'id')\n    at ViolationsController.getViolations (D:\\projects\\React-native\\citizen_back\\src\\controllers\\violations.controller.js:157:31)\n    at process.processTicksAndRejections (node:internal/process/task_queues:105:5)","timestamp":"2025-09-16 15:27:53:2753","url":"/api/violations"}
{"level":"error","message":"Помилка отримання правопорушень: Cannot read properties of undefined (reading 'id')","timestamp":"2025-09-16 15:28:25:2825"}
{"ip":"192.168.3.27","level":"error","message":"Cannot read properties of undefined (reading 'id')","method":"GET","name":"TypeError","stack":"TypeError: Cannot read properties of undefined (reading 'id')\n    at ViolationsController.getViolations (D:\\projects\\React-native\\citizen_back\\src\\controllers\\violations.controller.js:157:31)\n    at process.processTicksAndRejections (node:internal/process/task_queues:105:5)","timestamp":"2025-09-16 15:28:25:2825","url":"/api/violations"}
{"level":"error","message":"Помилка отримання правопорушень: Cannot read properties of undefined (reading 'id')","timestamp":"2025-09-16 15:36:22:3622"}
{"ip":"192.168.3.27","level":"error","message":"Cannot read properties of undefined (reading 'id')","method":"GET","name":"TypeError","stack":"TypeError: Cannot read properties of undefined (reading 'id')\n    at ViolationsController.getViolations (D:\\projects\\React-native\\citizen_back\\src\\controllers\\violations.controller.js:157:31)\n    at process.processTicksAndRejections (node:internal/process/task_queues:105:5)","timestamp":"2025-09-16 15:36:22:3622","url":"/api/violations"}
{"level":"error","message":"Помилка отримання правопорушень: Cannot read properties of undefined (reading 'id')","timestamp":"2025-09-16 15:37:04:374"}
{"ip":"192.168.3.27","level":"error","message":"Cannot read properties of undefined (reading 'id')","method":"GET","name":"TypeError","stack":"TypeError: Cannot read properties of undefined (reading 'id')\n    at ViolationsController.getViolations (D:\\projects\\React-native\\citizen_back\\src\\controllers\\violations.controller.js:157:31)\n    at process.processTicksAndRejections (node:internal/process/task_queues:105:5)","timestamp":"2025-09-16 15:37:04:374","url":"/api/violations"}
{"endpoint":"/api/auth/me","level":"info","message":"Авторизований запит від користувача: test@gmail.com","method":"GET","timestamp":"2025-09-16 15:37:18:3718","userId":"68c94472a3d185d3da6f8f5a"}
{"level":"error","message":"Помилка отримання правопорушень: Cannot read properties of undefined (reading 'id')","timestamp":"2025-09-16 15:37:18:3718"}
{"ip":"192.168.3.27","level":"error","message":"Cannot read properties of undefined (reading 'id')","method":"GET","name":"TypeError","stack":"TypeError: Cannot read properties of undefined (reading 'id')\n    at ViolationsController.getViolations (D:\\projects\\React-native\\citizen_back\\src\\controllers\\violations.controller.js:157:31)\n    at process.processTicksAndRejections (node:internal/process/task_queues:105:5)","timestamp":"2025-09-16 15:37:18:3718","url":"/api/violations"}
{"level":"error","message":"Помилка отримання правопорушень: Cannot read properties of undefined (reading 'id')","timestamp":"2025-09-16 15:37:20:3720"}
{"ip":"192.168.3.27","level":"error","message":"Cannot read properties of undefined (reading 'id')","method":"GET","name":"TypeError","stack":"TypeError: Cannot read properties of undefined (reading 'id')\n    at ViolationsController.getViolations (D:\\projects\\React-native\\citizen_back\\src\\controllers\\violations.controller.js:157:31)\n    at process.processTicksAndRejections (node:internal/process/task_queues:105:5)","timestamp":"2025-09-16 15:37:20:3720","url":"/api/violations"}
{"level":"error","message":"Помилка отримання правопорушень: Cannot read properties of undefined (reading 'id')","timestamp":"2025-09-16 15:37:58:3758"}
{"ip":"192.168.3.27","level":"error","message":"Cannot read properties of undefined (reading 'id')","method":"GET","name":"TypeError","stack":"TypeError: Cannot read properties of undefined (reading 'id')\n    at ViolationsController.getViolations (D:\\projects\\React-native\\citizen_back\\src\\controllers\\violations.controller.js:157:31)\n    at process.processTicksAndRejections (node:internal/process/task_queues:105:5)","timestamp":"2025-09-16 15:37:58:3758","url":"/api/violations"}
{"level":"error","message":"Помилка отримання правопорушень: Cannot read properties of undefined (reading 'id')","timestamp":"2025-09-16 15:38:02:382"}
{"ip":"192.168.3.27","level":"error","message":"Cannot read properties of undefined (reading 'id')","method":"GET","name":"TypeError","stack":"TypeError: Cannot read properties of undefined (reading 'id')\n    at ViolationsController.getViolations (D:\\projects\\React-native\\citizen_back\\src\\controllers\\violations.controller.js:157:31)\n    at process.processTicksAndRejections (node:internal/process/task_queues:105:5)","timestamp":"2025-09-16 15:38:02:382","url":"/api/violations"}
{"endpoint":"/api/auth/me","ip":"192.168.3.27","level":"warn","message":"Помилка автентифікації: Токен доступу прострочений","timestamp":"2025-09-16 15:41:52:4152"}
{"ip":"192.168.3.27","level":"error","message":"Токен доступу прострочений","method":"GET","name":"AppError","stack":"AppError: Токен доступу прострочений\n    at TokenService.validateAccessToken (D:\\projects\\React-native\\citizen_back\\src\\services\\token.service.js:158:15)\n    at authenticate (D:\\projects\\React-native\\citizen_back\\src\\middleware\\auth.middleware.js:41:34)\n    at Layer.handleRequest (D:\\projects\\React-native\\citizen_back\\node_modules\\router\\lib\\layer.js:152:17)\n    at next (D:\\projects\\React-native\\citizen_back\\node_modules\\router\\lib\\route.js:157:13)\n    at Route.dispatch (D:\\projects\\React-native\\citizen_back\\node_modules\\router\\lib\\route.js:117:3)\n    at handle (D:\\projects\\React-native\\citizen_back\\node_modules\\router\\index.js:435:11)\n    at Layer.handleRequest (D:\\projects\\React-native\\citizen_back\\node_modules\\router\\lib\\layer.js:152:17)\n    at D:\\projects\\React-native\\citizen_back\\node_modules\\router\\index.js:295:15\n    at processParams (D:\\projects\\React-native\\citizen_back\\node_modules\\router\\index.js:582:12)\n    at next (D:\\projects\\React-native\\citizen_back\\node_modules\\router\\index.js:291:5)","timestamp":"2025-09-16 15:41:52:4152","url":"/api/auth/me"}
{"level":"info","message":"Оновлено refresh tokens для користувача: 68c94472a3d185d3da6f8f5a","timestamp":"2025-09-16 15:42:25:4225"}
{"level":"info","message":"Збережено refresh token для користувача 68c94472a3d185d3da6f8f5a","timestamp":"2025-09-16 15:42:25:4225"}
{"level":"info","message":"Користувач увійшов: test@gmail.com","timestamp":"2025-09-16 15:42:25:4225"}
{"level":"info","message":"Користувач увійшов: test@gmail.com","timestamp":"2025-09-16 15:42:25:4225","userId":"68c94472a3d185d3da6f8f5a"}
{"level":"error","message":"Помилка отримання правопорушень: Cannot read properties of undefined (reading 'id')","timestamp":"2025-09-16 15:42:26:4226"}
{"ip":"192.168.3.27","level":"error","message":"Cannot read properties of undefined (reading 'id')","method":"GET","name":"TypeError","stack":"TypeError: Cannot read properties of undefined (reading 'id')\n    at ViolationsController.getViolations (D:\\projects\\React-native\\citizen_back\\src\\controllers\\violations.controller.js:157:31)\n    at process.processTicksAndRejections (node:internal/process/task_queues:105:5)","timestamp":"2025-09-16 15:42:26:4226","url":"/api/violations"}
{"level":"error","message":"Помилка отримання правопорушень: Cannot read properties of undefined (reading 'id')","timestamp":"2025-09-16 15:42:32:4232"}
{"ip":"192.168.3.27","level":"error","message":"Cannot read properties of undefined (reading 'id')","method":"GET","name":"TypeError","stack":"TypeError: Cannot read properties of undefined (reading 'id')\n    at ViolationsController.getViolations (D:\\projects\\React-native\\citizen_back\\src\\controllers\\violations.controller.js:157:31)\n    at process.processTicksAndRejections (node:internal/process/task_queues:105:5)","timestamp":"2025-09-16 15:42:32:4232","url":"/api/violations"}
{"level":"error","message":"Помилка отримання правопорушень: Cannot read properties of undefined (reading 'id')","timestamp":"2025-09-16 15:42:34:4234"}
{"ip":"192.168.3.27","level":"error","message":"Cannot read properties of undefined (reading 'id')","method":"GET","name":"TypeError","stack":"TypeError: Cannot read properties of undefined (reading 'id')\n    at ViolationsController.getViolations (D:\\projects\\React-native\\citizen_back\\src\\controllers\\violations.controller.js:157:31)\n    at process.processTicksAndRejections (node:internal/process/task_queues:105:5)","timestamp":"2025-09-16 15:42:34:4234","url":"/api/violations"}
{"endpoint":"/api/auth/me","ip":"192.168.3.27","level":"warn","message":"Помилка автентифікації: Токен доступу прострочений","timestamp":"2025-09-16 16:18:49:1849"}
{"ip":"192.168.3.27","level":"error","message":"Токен доступу прострочений","method":"GET","name":"AppError","stack":"AppError: Токен доступу прострочений\n    at TokenService.validateAccessToken (D:\\projects\\React-native\\citizen_back\\src\\services\\token.service.js:158:15)\n    at authenticate (D:\\projects\\React-native\\citizen_back\\src\\middleware\\auth.middleware.js:41:34)\n    at Layer.handleRequest (D:\\projects\\React-native\\citizen_back\\node_modules\\router\\lib\\layer.js:152:17)\n    at next (D:\\projects\\React-native\\citizen_back\\node_modules\\router\\lib\\route.js:157:13)\n    at Route.dispatch (D:\\projects\\React-native\\citizen_back\\node_modules\\router\\lib\\route.js:117:3)\n    at handle (D:\\projects\\React-native\\citizen_back\\node_modules\\router\\index.js:435:11)\n    at Layer.handleRequest (D:\\projects\\React-native\\citizen_back\\node_modules\\router\\lib\\layer.js:152:17)\n    at D:\\projects\\React-native\\citizen_back\\node_modules\\router\\index.js:295:15\n    at processParams (D:\\projects\\React-native\\citizen_back\\node_modules\\router\\index.js:582:12)\n    at next (D:\\projects\\React-native\\citizen_back\\node_modules\\router\\index.js:291:5)","timestamp":"2025-09-16 16:18:49:1849","url":"/api/auth/me"}
{"level":"info","message":"Оновлено refresh tokens для користувача: 68c94472a3d185d3da6f8f5a","timestamp":"2025-09-16 16:19:06:196"}
{"level":"info","message":"Збережено refresh token для користувача 68c94472a3d185d3da6f8f5a","timestamp":"2025-09-16 16:19:06:196"}
{"level":"info","message":"Користувач увійшов: test@gmail.com","timestamp":"2025-09-16 16:19:06:196"}
{"level":"info","message":"Користувач увійшов: test@gmail.com","timestamp":"2025-09-16 16:19:06:196","userId":"68c94472a3d185d3da6f8f5a"}
{"level":"error","message":"Помилка отримання правопорушень: Cannot read properties of undefined (reading 'id')","timestamp":"2025-09-16 16:19:06:196"}
{"ip":"192.168.3.27","level":"error","message":"Cannot read properties of undefined (reading 'id')","method":"GET","name":"TypeError","stack":"TypeError: Cannot read properties of undefined (reading 'id')\n    at ViolationsController.getViolations (D:\\projects\\React-native\\citizen_back\\src\\controllers\\violations.controller.js:157:31)\n    at process.processTicksAndRejections (node:internal/process/task_queues:105:5)","timestamp":"2025-09-16 16:19:06:196","url":"/api/violations"}
{"level":"error","message":"Помилка отримання правопорушень: Cannot read properties of undefined (reading 'id')","timestamp":"2025-09-16 16:20:52:2052"}
{"ip":"192.168.3.27","level":"error","message":"Cannot read properties of undefined (reading 'id')","method":"GET","name":"TypeError","stack":"TypeError: Cannot read properties of undefined (reading 'id')\n    at ViolationsController.getViolations (D:\\projects\\React-native\\citizen_back\\src\\controllers\\violations.controller.js:157:31)\n    at process.processTicksAndRejections (node:internal/process/task_queues:105:5)","timestamp":"2025-09-16 16:20:52:2052","url":"/api/violations"}
{"level":"error","message":"Помилка отримання правопорушень: Cannot read properties of undefined (reading 'id')","timestamp":"2025-09-16 16:23:46:2346"}
{"ip":"192.168.3.27","level":"error","message":"Cannot read properties of undefined (reading 'id')","method":"GET","name":"TypeError","stack":"TypeError: Cannot read properties of undefined (reading 'id')\n    at ViolationsController.getViolations (D:\\projects\\React-native\\citizen_back\\src\\controllers\\violations.controller.js:157:31)\n    at process.processTicksAndRejections (node:internal/process/task_queues:105:5)","timestamp":"2025-09-16 16:23:46:2346","url":"/api/violations"}
{"endpoint":"/api/auth/me","level":"info","message":"Авторизований запит від користувача: test@gmail.com","method":"GET","timestamp":"2025-09-16 16:25:47:2547","userId":"68c94472a3d185d3da6f8f5a"}
{"level":"error","message":"Помилка отримання правопорушень: Cannot read properties of undefined (reading 'id')","timestamp":"2025-09-16 16:25:47:2547"}
{"ip":"192.168.3.27","level":"error","message":"Cannot read properties of undefined (reading 'id')","method":"GET","name":"TypeError","stack":"TypeError: Cannot read properties of undefined (reading 'id')\n    at ViolationsController.getViolations (D:\\projects\\React-native\\citizen_back\\src\\controllers\\violations.controller.js:157:31)\n    at process.processTicksAndRejections (node:internal/process/task_queues:105:5)","timestamp":"2025-09-16 16:25:47:2547","url":"/api/violations"}
{"level":"error","message":"Помилка отримання правопорушень: Cannot read properties of undefined (reading 'id')","timestamp":"2025-09-16 16:29:45:2945"}
{"ip":"192.168.3.27","level":"error","message":"Cannot read properties of undefined (reading 'id')","method":"GET","name":"TypeError","stack":"TypeError: Cannot read properties of undefined (reading 'id')\n    at ViolationsController.getViolations (D:\\projects\\React-native\\citizen_back\\src\\controllers\\violations.controller.js:157:31)\n    at process.processTicksAndRejections (node:internal/process/task_queues:105:5)","timestamp":"2025-09-16 16:29:45:2945","url":"/api/violations"}
{"level":"error","message":"Помилка отримання правопорушень: Cannot read properties of undefined (reading 'id')","timestamp":"2025-09-16 16:30:45:3045"}
{"ip":"192.168.3.27","level":"error","message":"Cannot read properties of undefined (reading 'id')","method":"GET","name":"TypeError","stack":"TypeError: Cannot read properties of undefined (reading 'id')\n    at ViolationsController.getViolations (D:\\projects\\React-native\\citizen_back\\src\\controllers\\violations.controller.js:157:31)\n    at process.processTicksAndRejections (node:internal/process/task_queues:105:5)","timestamp":"2025-09-16 16:30:45:3045","url":"/api/violations"}
{"endpoint":"/api/auth/me","level":"info","message":"Авторизований запит від користувача: test@gmail.com","method":"GET","timestamp":"2025-09-16 16:33:41:3341","userId":"68c94472a3d185d3da6f8f5a"}
{"level":"error","message":"Помилка отримання правопорушень: Cannot read properties of undefined (reading 'id')","timestamp":"2025-09-16 16:33:41:3341"}
{"ip":"192.168.3.27","level":"error","message":"Cannot read properties of undefined (reading 'id')","method":"GET","name":"TypeError","stack":"TypeError: Cannot read properties of undefined (reading 'id')\n    at ViolationsController.getViolations (D:\\projects\\React-native\\citizen_back\\src\\controllers\\violations.controller.js:157:31)\n    at process.processTicksAndRejections (node:internal/process/task_queues:105:5)","timestamp":"2025-09-16 16:33:41:3341","url":"/api/violations"}
{"endpoint":"/api/auth/me","ip":"192.168.3.27","level":"warn","message":"Помилка автентифікації: Токен доступу прострочений","timestamp":"2025-09-16 16:35:07:357"}
{"ip":"192.168.3.27","level":"error","message":"Токен доступу прострочений","method":"GET","name":"AppError","stack":"AppError: Токен доступу прострочений\n    at TokenService.validateAccessToken (D:\\projects\\React-native\\citizen_back\\src\\services\\token.service.js:158:15)\n    at authenticate (D:\\projects\\React-native\\citizen_back\\src\\middleware\\auth.middleware.js:41:34)\n    at Layer.handleRequest (D:\\projects\\React-native\\citizen_back\\node_modules\\router\\lib\\layer.js:152:17)\n    at next (D:\\projects\\React-native\\citizen_back\\node_modules\\router\\lib\\route.js:157:13)\n    at Route.dispatch (D:\\projects\\React-native\\citizen_back\\node_modules\\router\\lib\\route.js:117:3)\n    at handle (D:\\projects\\React-native\\citizen_back\\node_modules\\router\\index.js:435:11)\n    at Layer.handleRequest (D:\\projects\\React-native\\citizen_back\\node_modules\\router\\lib\\layer.js:152:17)\n    at D:\\projects\\React-native\\citizen_back\\node_modules\\router\\index.js:295:15\n    at processParams (D:\\projects\\React-native\\citizen_back\\node_modules\\router\\index.js:582:12)\n    at next (D:\\projects\\React-native\\citizen_back\\node_modules\\router\\index.js:291:5)","timestamp":"2025-09-16 16:35:07:357","url":"/api/auth/me"}
{"level":"info","message":"Оновлено refresh tokens для користувача: 68c94472a3d185d3da6f8f5a","timestamp":"2025-09-16 16:35:23:3523"}
{"level":"info","message":"Збережено refresh token для користувача 68c94472a3d185d3da6f8f5a","timestamp":"2025-09-16 16:35:23:3523"}
{"level":"info","message":"Користувач увійшов: test@gmail.com","timestamp":"2025-09-16 16:35:23:3523"}
{"level":"info","message":"Користувач увійшов: test@gmail.com","timestamp":"2025-09-16 16:35:23:3523","userId":"68c94472a3d185d3da6f8f5a"}
{"level":"error","message":"Помилка отримання правопорушень: Cannot read properties of undefined (reading 'id')","timestamp":"2025-09-16 16:35:23:3523"}
{"ip":"192.168.3.27","level":"error","message":"Cannot read properties of undefined (reading 'id')","method":"GET","name":"TypeError","stack":"TypeError: Cannot read properties of undefined (reading 'id')\n    at ViolationsController.getViolations (D:\\projects\\React-native\\citizen_back\\src\\controllers\\violations.controller.js:157:31)\n    at process.processTicksAndRejections (node:internal/process/task_queues:105:5)","timestamp":"2025-09-16 16:35:23:3523","url":"/api/violations"}
{"endpoint":"/api/auth/me","level":"info","message":"Авторизований запит від користувача: test@gmail.com","method":"GET","timestamp":"2025-09-16 16:41:42:4142","userId":"68c94472a3d185d3da6f8f5a"}
{"level":"error","message":"Помилка отримання правопорушень: Cannot read properties of undefined (reading 'id')","timestamp":"2025-09-16 16:41:43:4143"}
{"ip":"192.168.3.27","level":"error","message":"Cannot read properties of undefined (reading 'id')","method":"GET","name":"TypeError","stack":"TypeError: Cannot read properties of undefined (reading 'id')\n    at ViolationsController.getViolations (D:\\projects\\React-native\\citizen_back\\src\\controllers\\violations.controller.js:157:31)\n    at process.processTicksAndRejections (node:internal/process/task_queues:105:5)","timestamp":"2025-09-16 16:41:43:4143","url":"/api/violations"}
{"level":"error","message":"Помилка отримання правопорушень: Cannot read properties of undefined (reading 'id')","timestamp":"2025-09-16 16:46:02:462"}
{"ip":"192.168.3.27","level":"error","message":"Cannot read properties of undefined (reading 'id')","method":"GET","name":"TypeError","stack":"TypeError: Cannot read properties of undefined (reading 'id')\n    at ViolationsController.getViolations (D:\\projects\\React-native\\citizen_back\\src\\controllers\\violations.controller.js:157:31)\n    at process.processTicksAndRejections (node:internal/process/task_queues:105:5)","timestamp":"2025-09-16 16:46:02:462","url":"/api/violations"}
{"endpoint":"/api/auth/me","level":"info","message":"Авторизований запит від користувача: test@gmail.com","method":"GET","timestamp":"2025-09-16 16:48:01:481","userId":"68c94472a3d185d3da6f8f5a"}
{"level":"error","message":"Помилка отримання правопорушень: Cannot read properties of undefined (reading 'id')","timestamp":"2025-09-16 16:48:01:481"}
{"ip":"192.168.3.27","level":"error","message":"Cannot read properties of undefined (reading 'id')","method":"GET","name":"TypeError","stack":"TypeError: Cannot read properties of undefined (reading 'id')\n    at ViolationsController.getViolations (D:\\projects\\React-native\\citizen_back\\src\\controllers\\violations.controller.js:157:31)\n    at process.processTicksAndRejections (node:internal/process/task_queues:105:5)","timestamp":"2025-09-16 16:48:01:481","url":"/api/violations"}
{"level":"error","message":"Помилка отримання правопорушень: Cannot read properties of undefined (reading 'id')","timestamp":"2025-09-16 16:52:11:5211"}
{"ip":"192.168.3.27","level":"error","message":"Cannot read properties of undefined (reading 'id')","method":"GET","name":"TypeError","stack":"TypeError: Cannot read properties of undefined (reading 'id')\n    at ViolationsController.getViolations (D:\\projects\\React-native\\citizen_back\\src\\controllers\\violations.controller.js:157:31)\n    at process.processTicksAndRejections (node:internal/process/task_queues:105:5)","timestamp":"2025-09-16 16:52:11:5211","url":"/api/violations"}
{"endpoint":"/api/auth/me","ip":"192.168.3.27","level":"warn","message":"Помилка автентифікації: Токен доступу прострочений","timestamp":"2025-09-16 18:13:29:1329"}
{"ip":"192.168.3.27","level":"error","message":"Токен доступу прострочений","method":"GET","name":"AppError","stack":"AppError: Токен доступу прострочений\n    at TokenService.validateAccessToken (D:\\projects\\React-native\\citizen_back\\src\\services\\token.service.js:158:15)\n    at authenticate (D:\\projects\\React-native\\citizen_back\\src\\middleware\\auth.middleware.js:41:34)\n    at Layer.handleRequest (D:\\projects\\React-native\\citizen_back\\node_modules\\router\\lib\\layer.js:152:17)\n    at next (D:\\projects\\React-native\\citizen_back\\node_modules\\router\\lib\\route.js:157:13)\n    at Route.dispatch (D:\\projects\\React-native\\citizen_back\\node_modules\\router\\lib\\route.js:117:3)\n    at handle (D:\\projects\\React-native\\citizen_back\\node_modules\\router\\index.js:435:11)\n    at Layer.handleRequest (D:\\projects\\React-native\\citizen_back\\node_modules\\router\\lib\\layer.js:152:17)\n    at D:\\projects\\React-native\\citizen_back\\node_modules\\router\\index.js:295:15\n    at processParams (D:\\projects\\React-native\\citizen_back\\node_modules\\router\\index.js:582:12)\n    at next (D:\\projects\\React-native\\citizen_back\\node_modules\\router\\index.js:291:5)","timestamp":"2025-09-16 18:13:29:1329","url":"/api/auth/me"}
{"level":"info","message":"Оновлено refresh tokens для користувача: 68c94472a3d185d3da6f8f5a","timestamp":"2025-09-16 18:13:47:1347"}
{"level":"info","message":"Збережено refresh token для користувача 68c94472a3d185d3da6f8f5a","timestamp":"2025-09-16 18:13:47:1347"}
{"level":"info","message":"Користувач увійшов: test@gmail.com","timestamp":"2025-09-16 18:13:47:1347"}
{"level":"info","message":"Користувач увійшов: test@gmail.com","timestamp":"2025-09-16 18:13:47:1347","userId":"68c94472a3d185d3da6f8f5a"}
{"level":"error","message":"Помилка отримання правопорушень: Cannot read properties of undefined (reading 'id')","timestamp":"2025-09-16 18:13:48:1348"}
{"ip":"192.168.3.27","level":"error","message":"Cannot read properties of undefined (reading 'id')","method":"GET","name":"TypeError","stack":"TypeError: Cannot read properties of undefined (reading 'id')\n    at ViolationsController.getViolations (D:\\projects\\React-native\\citizen_back\\src\\controllers\\violations.controller.js:157:31)\n    at process.processTicksAndRejections (node:internal/process/task_queues:105:5)","timestamp":"2025-09-16 18:13:48:1348","url":"/api/violations"}
{"endpoint":"/api/auth/me","level":"info","message":"Авторизований запит від користувача: test@gmail.com","method":"GET","timestamp":"2025-09-16 18:17:37:1737","userId":"68c94472a3d185d3da6f8f5a"}
{"level":"error","message":"Помилка отримання правопорушень: Cannot read properties of undefined (reading 'id')","timestamp":"2025-09-16 18:17:37:1737"}
{"ip":"192.168.3.27","level":"error","message":"Cannot read properties of undefined (reading 'id')","method":"GET","name":"TypeError","stack":"TypeError: Cannot read properties of undefined (reading 'id')\n    at ViolationsController.getViolations (D:\\projects\\React-native\\citizen_back\\src\\controllers\\violations.controller.js:157:31)\n    at process.processTicksAndRejections (node:internal/process/task_queues:105:5)","timestamp":"2025-09-16 18:17:37:1737","url":"/api/violations"}
{"level":"error","message":"Помилка отримання правопорушень: Cannot read properties of undefined (reading 'id')","timestamp":"2025-09-16 18:20:36:2036"}
{"ip":"192.168.3.27","level":"error","message":"Cannot read properties of undefined (reading 'id')","method":"GET","name":"TypeError","stack":"TypeError: Cannot read properties of undefined (reading 'id')\n    at ViolationsController.getViolations (D:\\projects\\React-native\\citizen_back\\src\\controllers\\violations.controller.js:157:31)\n    at process.processTicksAndRejections (node:internal/process/task_queues:105:5)","timestamp":"2025-09-16 18:20:36:2036","url":"/api/violations"}
{"level":"error","message":"Помилка отримання правопорушень: Cannot read properties of undefined (reading 'id')","timestamp":"2025-09-16 18:20:53:2053"}
{"ip":"192.168.3.27","level":"error","message":"Cannot read properties of undefined (reading 'id')","method":"GET","name":"TypeError","stack":"TypeError: Cannot read properties of undefined (reading 'id')\n    at ViolationsController.getViolations (D:\\projects\\React-native\\citizen_back\\src\\controllers\\violations.controller.js:157:31)\n    at process.processTicksAndRejections (node:internal/process/task_queues:105:5)","timestamp":"2025-09-16 18:20:53:2053","url":"/api/violations"}
{"level":"error","message":"Помилка отримання правопорушень: Cannot read properties of undefined (reading 'id')","timestamp":"2025-09-16 18:21:05:215"}
{"ip":"192.168.3.27","level":"error","message":"Cannot read properties of undefined (reading 'id')","method":"GET","name":"TypeError","stack":"TypeError: Cannot read properties of undefined (reading 'id')\n    at ViolationsController.getViolations (D:\\projects\\React-native\\citizen_back\\src\\controllers\\violations.controller.js:157:31)\n    at process.processTicksAndRejections (node:internal/process/task_queues:105:5)","timestamp":"2025-09-16 18:21:05:215","url":"/api/violations"}
{"level":"error","message":"Помилка отримання правопорушень: Cannot read properties of undefined (reading 'id')","timestamp":"2025-09-16 18:23:51:2351"}
{"ip":"192.168.3.27","level":"error","message":"Cannot read properties of undefined (reading 'id')","method":"GET","name":"TypeError","stack":"TypeError: Cannot read properties of undefined (reading 'id')\n    at ViolationsController.getViolations (D:\\projects\\React-native\\citizen_back\\src\\controllers\\violations.controller.js:157:31)\n    at process.processTicksAndRejections (node:internal/process/task_queues:105:5)","timestamp":"2025-09-16 18:23:51:2351","url":"/api/violations"}
{"level":"error","message":"Помилка отримання правопорушень: Cannot read properties of undefined (reading 'id')","timestamp":"2025-09-16 18:24:09:249"}
{"ip":"192.168.3.27","level":"error","message":"Cannot read properties of undefined (reading 'id')","method":"GET","name":"TypeError","stack":"TypeError: Cannot read properties of undefined (reading 'id')\n    at ViolationsController.getViolations (D:\\projects\\React-native\\citizen_back\\src\\controllers\\violations.controller.js:157:31)\n    at process.processTicksAndRejections (node:internal/process/task_queues:105:5)","timestamp":"2025-09-16 18:24:09:249","url":"/api/violations"}
{"level":"error","message":"Помилка отримання правопорушень: Cannot read properties of undefined (reading 'id')","timestamp":"2025-09-16 18:25:09:259"}
{"ip":"192.168.3.27","level":"error","message":"Cannot read properties of undefined (reading 'id')","method":"GET","name":"TypeError","stack":"TypeError: Cannot read properties of undefined (reading 'id')\n    at ViolationsController.getViolations (D:\\projects\\React-native\\citizen_back\\src\\controllers\\violations.controller.js:157:31)\n    at process.processTicksAndRejections (node:internal/process/task_queues:105:5)","timestamp":"2025-09-16 18:25:09:259","url":"/api/violations"}
{"level":"error","message":"Помилка отримання правопорушень: Cannot read properties of undefined (reading 'id')","timestamp":"2025-09-16 18:25:27:2527"}
{"ip":"192.168.3.27","level":"error","message":"Cannot read properties of undefined (reading 'id')","method":"GET","name":"TypeError","stack":"TypeError: Cannot read properties of undefined (reading 'id')\n    at ViolationsController.getViolations (D:\\projects\\React-native\\citizen_back\\src\\controllers\\violations.controller.js:157:31)\n    at process.processTicksAndRejections (node:internal/process/task_queues:105:5)","timestamp":"2025-09-16 18:25:27:2527","url":"/api/violations"}
{"level":"error","message":"Помилка отримання правопорушень: Cannot read properties of undefined (reading 'id')","timestamp":"2025-09-16 18:25:41:2541"}
{"ip":"192.168.3.27","level":"error","message":"Cannot read properties of undefined (reading 'id')","method":"GET","name":"TypeError","stack":"TypeError: Cannot read properties of undefined (reading 'id')\n    at ViolationsController.getViolations (D:\\projects\\React-native\\citizen_back\\src\\controllers\\violations.controller.js:157:31)\n    at process.processTicksAndRejections (node:internal/process/task_queues:105:5)","timestamp":"2025-09-16 18:25:41:2541","url":"/api/violations"}
{"level":"error","message":"Помилка отримання правопорушень: Cannot read properties of undefined (reading 'id')","timestamp":"2025-09-16 18:26:44:2644"}
{"ip":"192.168.3.27","level":"error","message":"Cannot read properties of undefined (reading 'id')","method":"GET","name":"TypeError","stack":"TypeError: Cannot read properties of undefined (reading 'id')\n    at ViolationsController.getViolations (D:\\projects\\React-native\\citizen_back\\src\\controllers\\violations.controller.js:157:31)\n    at process.processTicksAndRejections (node:internal/process/task_queues:105:5)","timestamp":"2025-09-16 18:26:44:2644","url":"/api/violations"}
{"level":"error","message":"Помилка отримання правопорушень: Cannot read properties of undefined (reading 'id')","timestamp":"2025-09-16 18:26:56:2656"}
{"ip":"192.168.3.27","level":"error","message":"Cannot read properties of undefined (reading 'id')","method":"GET","name":"TypeError","stack":"TypeError: Cannot read properties of undefined (reading 'id')\n    at ViolationsController.getViolations (D:\\projects\\React-native\\citizen_back\\src\\controllers\\violations.controller.js:157:31)\n    at process.processTicksAndRejections (node:internal/process/task_queues:105:5)","timestamp":"2025-09-16 18:26:56:2656","url":"/api/violations"}
{"level":"error","message":"Помилка отримання правопорушень: Cannot read properties of undefined (reading 'id')","timestamp":"2025-09-16 18:27:35:2735"}
{"ip":"192.168.3.27","level":"error","message":"Cannot read properties of undefined (reading 'id')","method":"GET","name":"TypeError","stack":"TypeError: Cannot read properties of undefined (reading 'id')\n    at ViolationsController.getViolations (D:\\projects\\React-native\\citizen_back\\src\\controllers\\violations.controller.js:157:31)\n    at process.processTicksAndRejections (node:internal/process/task_queues:105:5)","timestamp":"2025-09-16 18:27:35:2735","url":"/api/violations"}
{"endpoint":"/api/auth/me","ip":"192.168.3.27","level":"warn","message":"Помилка автентифікації: Токен доступу прострочений","timestamp":"2025-09-16 18:32:04:324"}
{"ip":"192.168.3.27","level":"error","message":"Токен доступу прострочений","method":"GET","name":"AppError","stack":"AppError: Токен доступу прострочений\n    at TokenService.validateAccessToken (D:\\projects\\React-native\\citizen_back\\src\\services\\token.service.js:158:15)\n    at authenticate (D:\\projects\\React-native\\citizen_back\\src\\middleware\\auth.middleware.js:41:34)\n    at Layer.handleRequest (D:\\projects\\React-native\\citizen_back\\node_modules\\router\\lib\\layer.js:152:17)\n    at next (D:\\projects\\React-native\\citizen_back\\node_modules\\router\\lib\\route.js:157:13)\n    at Route.dispatch (D:\\projects\\React-native\\citizen_back\\node_modules\\router\\lib\\route.js:117:3)\n    at handle (D:\\projects\\React-native\\citizen_back\\node_modules\\router\\index.js:435:11)\n    at Layer.handleRequest (D:\\projects\\React-native\\citizen_back\\node_modules\\router\\lib\\layer.js:152:17)\n    at D:\\projects\\React-native\\citizen_back\\node_modules\\router\\index.js:295:15\n    at processParams (D:\\projects\\React-native\\citizen_back\\node_modules\\router\\index.js:582:12)\n    at next (D:\\projects\\React-native\\citizen_back\\node_modules\\router\\index.js:291:5)","timestamp":"2025-09-16 18:32:04:324","url":"/api/auth/me"}
{"level":"info","message":"Оновлено refresh tokens для користувача: 68c94472a3d185d3da6f8f5a","timestamp":"2025-09-16 18:32:20:3220"}
{"level":"info","message":"Збережено refresh token для користувача 68c94472a3d185d3da6f8f5a","timestamp":"2025-09-16 18:32:20:3220"}
{"level":"info","message":"Користувач увійшов: test@gmail.com","timestamp":"2025-09-16 18:32:20:3220"}
{"level":"info","message":"Користувач увійшов: test@gmail.com","timestamp":"2025-09-16 18:32:20:3220","userId":"68c94472a3d185d3da6f8f5a"}
{"level":"error","message":"Помилка отримання правопорушень: Cannot read properties of undefined (reading 'id')","timestamp":"2025-09-16 18:32:20:3220"}
{"ip":"192.168.3.27","level":"error","message":"Cannot read properties of undefined (reading 'id')","method":"GET","name":"TypeError","stack":"TypeError: Cannot read properties of undefined (reading 'id')\n    at ViolationsController.getViolations (D:\\projects\\React-native\\citizen_back\\src\\controllers\\violations.controller.js:157:31)\n    at process.processTicksAndRejections (node:internal/process/task_queues:105:5)","timestamp":"2025-09-16 18:32:20:3220","url":"/api/violations"}
{"level":"error","message":"Помилка отримання правопорушень: Cannot read properties of undefined (reading 'id')","timestamp":"2025-09-16 18:32:23:3223"}
{"ip":"192.168.3.27","level":"error","message":"Cannot read properties of undefined (reading 'id')","method":"GET","name":"TypeError","stack":"TypeError: Cannot read properties of undefined (reading 'id')\n    at ViolationsController.getViolations (D:\\projects\\React-native\\citizen_back\\src\\controllers\\violations.controller.js:157:31)\n    at process.processTicksAndRejections (node:internal/process/task_queues:105:5)","timestamp":"2025-09-16 18:32:23:3223","url":"/api/violations"}
{"level":"error","message":"Помилка отримання правопорушень: Cannot read properties of undefined (reading 'id')","timestamp":"2025-09-16 18:33:05:335"}
{"ip":"192.168.3.27","level":"error","message":"Cannot read properties of undefined (reading 'id')","method":"GET","name":"TypeError","stack":"TypeError: Cannot read properties of undefined (reading 'id')\n    at ViolationsController.getViolations (D:\\projects\\React-native\\citizen_back\\src\\controllers\\violations.controller.js:157:31)\n    at process.processTicksAndRejections (node:internal/process/task_queues:105:5)","timestamp":"2025-09-16 18:33:05:335","url":"/api/violations"}
{"level":"error","message":"Помилка отримання правопорушень: Cannot read properties of undefined (reading 'id')","timestamp":"2025-09-16 18:35:40:3540"}
{"ip":"192.168.3.27","level":"error","message":"Cannot read properties of undefined (reading 'id')","method":"GET","name":"TypeError","stack":"TypeError: Cannot read properties of undefined (reading 'id')\n    at ViolationsController.getViolations (D:\\projects\\React-native\\citizen_back\\src\\controllers\\violations.controller.js:157:31)\n    at process.processTicksAndRejections (node:internal/process/task_queues:105:5)","timestamp":"2025-09-16 18:35:40:3540","url":"/api/violations"}
{"endpoint":"/api/auth/me","level":"info","message":"Авторизований запит від користувача: test@gmail.com","method":"GET","timestamp":"2025-09-16 18:40:51:4051","userId":"68c94472a3d185d3da6f8f5a"}
{"level":"error","message":"Помилка отримання правопорушень: Cannot read properties of undefined (reading 'id')","timestamp":"2025-09-16 18:40:52:4052"}
{"ip":"192.168.3.27","level":"error","message":"Cannot read properties of undefined (reading 'id')","method":"GET","name":"TypeError","stack":"TypeError: Cannot read properties of undefined (reading 'id')\n    at ViolationsController.getViolations (D:\\projects\\React-native\\citizen_back\\src\\controllers\\violations.controller.js:157:31)\n    at process.processTicksAndRejections (node:internal/process/task_queues:105:5)","timestamp":"2025-09-16 18:40:52:4052","url":"/api/violations"}
{"level":"error","message":"Помилка отримання правопорушень: Cannot read properties of undefined (reading 'id')","timestamp":"2025-09-16 18:43:14:4314"}
{"ip":"192.168.3.27","level":"error","message":"Cannot read properties of undefined (reading 'id')","method":"GET","name":"TypeError","stack":"TypeError: Cannot read properties of undefined (reading 'id')\n    at ViolationsController.getViolations (D:\\projects\\React-native\\citizen_back\\src\\controllers\\violations.controller.js:157:31)\n    at process.processTicksAndRejections (node:internal/process/task_queues:105:5)","timestamp":"2025-09-16 18:43:14:4314","url":"/api/violations"}
{"endpoint":"/api/auth/me","ip":"192.168.3.27","level":"warn","message":"Помилка автентифікації: Токен доступу прострочений","timestamp":"2025-09-16 19:38:42:3842"}
{"ip":"192.168.3.27","level":"error","message":"Токен доступу прострочений","method":"GET","name":"AppError","stack":"AppError: Токен доступу прострочений\n    at TokenService.validateAccessToken (D:\\projects\\React-native\\citizen_back\\src\\services\\token.service.js:158:15)\n    at authenticate (D:\\projects\\React-native\\citizen_back\\src\\middleware\\auth.middleware.js:41:34)\n    at Layer.handleRequest (D:\\projects\\React-native\\citizen_back\\node_modules\\router\\lib\\layer.js:152:17)\n    at next (D:\\projects\\React-native\\citizen_back\\node_modules\\router\\lib\\route.js:157:13)\n    at Route.dispatch (D:\\projects\\React-native\\citizen_back\\node_modules\\router\\lib\\route.js:117:3)\n    at handle (D:\\projects\\React-native\\citizen_back\\node_modules\\router\\index.js:435:11)\n    at Layer.handleRequest (D:\\projects\\React-native\\citizen_back\\node_modules\\router\\lib\\layer.js:152:17)\n    at D:\\projects\\React-native\\citizen_back\\node_modules\\router\\index.js:295:15\n    at processParams (D:\\projects\\React-native\\citizen_back\\node_modules\\router\\index.js:582:12)\n    at next (D:\\projects\\React-native\\citizen_back\\node_modules\\router\\index.js:291:5)","timestamp":"2025-09-16 19:38:42:3842","url":"/api/auth/me"}
{"email":"test@gmail.com","error":"Невірний пароль","level":"error","message":"Помилка логіну: Невірний пароль","stack":"AuthenticationError: Невірний пароль\n    at AuthService.login (D:\\projects\\React-native\\citizen_back\\src\\services\\auth.service.js:127:15)\n    at async AuthController.login (D:\\projects\\React-native\\citizen_back\\src\\controllers\\auth.controller.js:105:20)","timestamp":"2025-09-16 19:39:01:391"}
{"level":"info","message":"Оновлено refresh tokens для користувача: 68c94472a3d185d3da6f8f5a","timestamp":"2025-09-16 19:39:11:3911"}
{"level":"info","message":"Збережено refresh token для користувача 68c94472a3d185d3da6f8f5a","timestamp":"2025-09-16 19:39:11:3911"}
{"level":"info","message":"Користувач увійшов: test@gmail.com","timestamp":"2025-09-16 19:39:11:3911"}
{"level":"info","message":"Користувач увійшов: test@gmail.com","timestamp":"2025-09-16 19:39:11:3911","userId":"68c94472a3d185d3da6f8f5a"}
{"level":"error","message":"Помилка отримання правопорушень: Cannot read properties of undefined (reading 'id')","timestamp":"2025-09-16 19:39:12:3912"}
{"ip":"192.168.3.27","level":"error","message":"Cannot read properties of undefined (reading 'id')","method":"GET","name":"TypeError","stack":"TypeError: Cannot read properties of undefined (reading 'id')\n    at ViolationsController.getViolations (D:\\projects\\React-native\\citizen_back\\src\\controllers\\violations.controller.js:157:31)\n    at process.processTicksAndRejections (node:internal/process/task_queues:105:5)","timestamp":"2025-09-16 19:39:12:3912","url":"/api/violations"}
{"endpoint":"/api/auth/me","level":"info","message":"Авторизований запит від користувача: test@gmail.com","method":"GET","timestamp":"2025-09-16 19:42:36:4236","userId":"68c94472a3d185d3da6f8f5a"}
{"level":"error","message":"Помилка отримання правопорушень: Cannot read properties of undefined (reading 'id')","timestamp":"2025-09-16 19:42:36:4236"}
{"ip":"192.168.3.27","level":"error","message":"Cannot read properties of undefined (reading 'id')","method":"GET","name":"TypeError","stack":"TypeError: Cannot read properties of undefined (reading 'id')\n    at ViolationsController.getViolations (D:\\projects\\React-native\\citizen_back\\src\\controllers\\violations.controller.js:157:31)\n    at process.processTicksAndRejections (node:internal/process/task_queues:105:5)","timestamp":"2025-09-16 19:42:36:4236","url":"/api/violations"}
{"level":"error","message":"Помилка отримання правопорушень: Cannot read properties of undefined (reading 'id')","timestamp":"2025-09-16 19:43:56:4356"}
{"ip":"192.168.3.27","level":"error","message":"Cannot read properties of undefined (reading 'id')","method":"GET","name":"TypeError","stack":"TypeError: Cannot read properties of undefined (reading 'id')\n    at ViolationsController.getViolations (D:\\projects\\React-native\\citizen_back\\src\\controllers\\violations.controller.js:157:31)\n    at process.processTicksAndRejections (node:internal/process/task_queues:105:5)","timestamp":"2025-09-16 19:43:56:4356","url":"/api/violations"}
{"level":"error","message":"Помилка отримання правопорушень: Cannot read properties of undefined (reading 'id')","timestamp":"2025-09-16 19:44:21:4421"}
{"ip":"192.168.3.27","level":"error","message":"Cannot read properties of undefined (reading 'id')","method":"GET","name":"TypeError","stack":"TypeError: Cannot read properties of undefined (reading 'id')\n    at ViolationsController.getViolations (D:\\projects\\React-native\\citizen_back\\src\\controllers\\violations.controller.js:157:31)\n    at process.processTicksAndRejections (node:internal/process/task_queues:105:5)","timestamp":"2025-09-16 19:44:21:4421","url":"/api/violations"}
{"level":"error","message":"Помилка отримання правопорушень: Cannot read properties of undefined (reading 'id')","timestamp":"2025-09-16 19:45:48:4548"}
{"ip":"192.168.3.27","level":"error","message":"Cannot read properties of undefined (reading 'id')","method":"GET","name":"TypeError","stack":"TypeError: Cannot read properties of undefined (reading 'id')\n    at ViolationsController.getViolations (D:\\projects\\React-native\\citizen_back\\src\\controllers\\violations.controller.js:157:31)\n    at process.processTicksAndRejections (node:internal/process/task_queues:105:5)","timestamp":"2025-09-16 19:45:48:4548","url":"/api/violations"}
{"endpoint":"/api/auth/me","level":"info","message":"Авторизований запит від користувача: test@gmail.com","method":"GET","timestamp":"2025-09-16 19:51:06:516","userId":"68c94472a3d185d3da6f8f5a"}
{"level":"error","message":"Помилка отримання правопорушень: Cannot read properties of undefined (reading 'id')","timestamp":"2025-09-16 19:51:07:517"}
{"ip":"192.168.3.27","level":"error","message":"Cannot read properties of undefined (reading 'id')","method":"GET","name":"TypeError","stack":"TypeError: Cannot read properties of undefined (reading 'id')\n    at ViolationsController.getViolations (D:\\projects\\React-native\\citizen_back\\src\\controllers\\violations.controller.js:157:31)\n    at process.processTicksAndRejections (node:internal/process/task_queues:105:5)","timestamp":"2025-09-16 19:51:07:517","url":"/api/violations"}
{"endpoint":"/api/auth/me","ip":"192.168.3.27","level":"warn","message":"Помилка автентифікації: Токен доступу прострочений","timestamp":"2025-09-16 20:10:20:1020"}
{"ip":"192.168.3.27","level":"error","message":"Токен доступу прострочений","method":"GET","name":"AppError","stack":"AppError: Токен доступу прострочений\n    at TokenService.validateAccessToken (D:\\projects\\React-native\\citizen_back\\src\\services\\token.service.js:158:15)\n    at authenticate (D:\\projects\\React-native\\citizen_back\\src\\middleware\\auth.middleware.js:41:34)\n    at Layer.handleRequest (D:\\projects\\React-native\\citizen_back\\node_modules\\router\\lib\\layer.js:152:17)\n    at next (D:\\projects\\React-native\\citizen_back\\node_modules\\router\\lib\\route.js:157:13)\n    at Route.dispatch (D:\\projects\\React-native\\citizen_back\\node_modules\\router\\lib\\route.js:117:3)\n    at handle (D:\\projects\\React-native\\citizen_back\\node_modules\\router\\index.js:435:11)\n    at Layer.handleRequest (D:\\projects\\React-native\\citizen_back\\node_modules\\router\\lib\\layer.js:152:17)\n    at D:\\projects\\React-native\\citizen_back\\node_modules\\router\\index.js:295:15\n    at processParams (D:\\projects\\React-native\\citizen_back\\node_modules\\router\\index.js:582:12)\n    at next (D:\\projects\\React-native\\citizen_back\\node_modules\\router\\index.js:291:5)","timestamp":"2025-09-16 20:10:20:1020","url":"/api/auth/me"}
{"level":"info","message":"Оновлено refresh tokens для користувача: 68c94472a3d185d3da6f8f5a","timestamp":"2025-09-16 20:10:37:1037"}
{"level":"info","message":"Збережено refresh token для користувача 68c94472a3d185d3da6f8f5a","timestamp":"2025-09-16 20:10:37:1037"}
{"level":"info","message":"Користувач увійшов: test@gmail.com","timestamp":"2025-09-16 20:10:37:1037"}
{"level":"info","message":"Користувач увійшов: test@gmail.com","timestamp":"2025-09-16 20:10:37:1037","userId":"68c94472a3d185d3da6f8f5a"}
{"level":"error","message":"Помилка отримання правопорушень: Cannot read properties of undefined (reading 'id')","timestamp":"2025-09-16 20:10:38:1038"}
{"ip":"192.168.3.27","level":"error","message":"Cannot read properties of undefined (reading 'id')","method":"GET","name":"TypeError","stack":"TypeError: Cannot read properties of undefined (reading 'id')\n    at ViolationsController.getViolations (D:\\projects\\React-native\\citizen_back\\src\\controllers\\violations.controller.js:157:31)\n    at process.processTicksAndRejections (node:internal/process/task_queues:105:5)","timestamp":"2025-09-16 20:10:38:1038","url":"/api/violations"}
{"endpoint":"/api/auth/me","level":"info","message":"Авторизований запит від користувача: test@gmail.com","method":"GET","timestamp":"2025-09-16 20:16:53:1653","userId":"68c94472a3d185d3da6f8f5a"}
{"level":"error","message":"Помилка отримання правопорушень: Cannot read properties of undefined (reading 'id')","timestamp":"2025-09-16 20:16:53:1653"}
{"ip":"192.168.3.27","level":"error","message":"Cannot read properties of undefined (reading 'id')","method":"GET","name":"TypeError","stack":"TypeError: Cannot read properties of undefined (reading 'id')\n    at ViolationsController.getViolations (D:\\projects\\React-native\\citizen_back\\src\\controllers\\violations.controller.js:157:31)\n    at process.processTicksAndRejections (node:internal/process/task_queues:105:5)","timestamp":"2025-09-16 20:16:53:1653","url":"/api/violations"}
{"level":"error","message":"Помилка отримання правопорушень: Cannot read properties of undefined (reading 'id')","timestamp":"2025-09-16 20:21:01:211"}
{"ip":"192.168.3.27","level":"error","message":"Cannot read properties of undefined (reading 'id')","method":"GET","name":"TypeError","stack":"TypeError: Cannot read properties of undefined (reading 'id')\n    at ViolationsController.getViolations (D:\\projects\\React-native\\citizen_back\\src\\controllers\\violations.controller.js:157:31)\n    at process.processTicksAndRejections (node:internal/process/task_queues:105:5)","timestamp":"2025-09-16 20:21:01:211","url":"/api/violations"}
{"level":"error","message":"Помилка отримання правопорушень: Cannot read properties of undefined (reading 'id')","timestamp":"2025-09-16 20:21:27:2127"}
{"ip":"192.168.3.27","level":"error","message":"Cannot read properties of undefined (reading 'id')","method":"GET","name":"TypeError","stack":"TypeError: Cannot read properties of undefined (reading 'id')\n    at ViolationsController.getViolations (D:\\projects\\React-native\\citizen_back\\src\\controllers\\violations.controller.js:157:31)\n    at process.processTicksAndRejections (node:internal/process/task_queues:105:5)","timestamp":"2025-09-16 20:21:27:2127","url":"/api/violations"}
{"level":"error","message":"Помилка отримання правопорушень: Cannot read properties of undefined (reading 'id')","timestamp":"2025-09-16 20:22:40:2240"}
{"ip":"192.168.3.27","level":"error","message":"Cannot read properties of undefined (reading 'id')","method":"GET","name":"TypeError","stack":"TypeError: Cannot read properties of undefined (reading 'id')\n    at ViolationsController.getViolations (D:\\projects\\React-native\\citizen_back\\src\\controllers\\violations.controller.js:157:31)\n    at process.processTicksAndRejections (node:internal/process/task_queues:105:5)","timestamp":"2025-09-16 20:22:40:2240","url":"/api/violations"}
{"endpoint":"/api/auth/me","ip":"192.168.3.27","level":"warn","message":"Помилка автентифікації: Токен доступу прострочений","timestamp":"2025-09-16 20:50:17:5017"}
{"ip":"192.168.3.27","level":"error","message":"Токен доступу прострочений","method":"GET","name":"AppError","stack":"AppError: Токен доступу прострочений\n    at TokenService.validateAccessToken (D:\\projects\\React-native\\citizen_back\\src\\services\\token.service.js:158:15)\n    at authenticate (D:\\projects\\React-native\\citizen_back\\src\\middleware\\auth.middleware.js:41:34)\n    at Layer.handleRequest (D:\\projects\\React-native\\citizen_back\\node_modules\\router\\lib\\layer.js:152:17)\n    at next (D:\\projects\\React-native\\citizen_back\\node_modules\\router\\lib\\route.js:157:13)\n    at Route.dispatch (D:\\projects\\React-native\\citizen_back\\node_modules\\router\\lib\\route.js:117:3)\n    at handle (D:\\projects\\React-native\\citizen_back\\node_modules\\router\\index.js:435:11)\n    at Layer.handleRequest (D:\\projects\\React-native\\citizen_back\\node_modules\\router\\lib\\layer.js:152:17)\n    at D:\\projects\\React-native\\citizen_back\\node_modules\\router\\index.js:295:15\n    at processParams (D:\\projects\\React-native\\citizen_back\\node_modules\\router\\index.js:582:12)\n    at next (D:\\projects\\React-native\\citizen_back\\node_modules\\router\\index.js:291:5)","timestamp":"2025-09-16 20:50:17:5017","url":"/api/auth/me"}
{"level":"info","message":"Оновлено refresh tokens для користувача: 68c94472a3d185d3da6f8f5a","timestamp":"2025-09-16 20:50:35:5035"}
{"level":"info","message":"Збережено refresh token для користувача 68c94472a3d185d3da6f8f5a","timestamp":"2025-09-16 20:50:35:5035"}
{"level":"info","message":"Користувач увійшов: test@gmail.com","timestamp":"2025-09-16 20:50:35:5035"}
{"level":"info","message":"Користувач увійшов: test@gmail.com","timestamp":"2025-09-16 20:50:35:5035","userId":"68c94472a3d185d3da6f8f5a"}
{"level":"error","message":"Помилка отримання правопорушень: Cannot read properties of undefined (reading 'id')","timestamp":"2025-09-16 20:50:35:5035"}
{"ip":"192.168.3.27","level":"error","message":"Cannot read properties of undefined (reading 'id')","method":"GET","name":"TypeError","stack":"TypeError: Cannot read properties of undefined (reading 'id')\n    at ViolationsController.getViolations (D:\\projects\\React-native\\citizen_back\\src\\controllers\\violations.controller.js:157:31)\n    at process.processTicksAndRejections (node:internal/process/task_queues:105:5)","timestamp":"2025-09-16 20:50:35:5035","url":"/api/violations"}
{"endpoint":"/api/auth/me","level":"info","message":"Авторизований запит від користувача: test@gmail.com","method":"GET","timestamp":"2025-09-16 20:53:23:5323","userId":"68c94472a3d185d3da6f8f5a"}
{"level":"error","message":"Помилка отримання правопорушень: Cannot read properties of undefined (reading 'id')","timestamp":"2025-09-16 20:53:23:5323"}
{"ip":"192.168.3.27","level":"error","message":"Cannot read properties of undefined (reading 'id')","method":"GET","name":"TypeError","stack":"TypeError: Cannot read properties of undefined (reading 'id')\n    at ViolationsController.getViolations (D:\\projects\\React-native\\citizen_back\\src\\controllers\\violations.controller.js:157:31)\n    at process.processTicksAndRejections (node:internal/process/task_queues:105:5)","timestamp":"2025-09-16 20:53:23:5323","url":"/api/violations"}
{"level":"error","message":"Помилка отримання правопорушень: Cannot read properties of undefined (reading 'id')","timestamp":"2025-09-16 20:54:43:5443"}
{"ip":"192.168.3.27","level":"error","message":"Cannot read properties of undefined (reading 'id')","method":"GET","name":"TypeError","stack":"TypeError: Cannot read properties of undefined (reading 'id')\n    at ViolationsController.getViolations (D:\\projects\\React-native\\citizen_back\\src\\controllers\\violations.controller.js:157:31)\n    at process.processTicksAndRejections (node:internal/process/task_queues:105:5)","timestamp":"2025-09-16 20:54:43:5443","url":"/api/violations"}
{"endpoint":"/api/auth/me","level":"info","message":"Авторизований запит від користувача: test@gmail.com","method":"GET","timestamp":"2025-09-16 20:59:03:593","userId":"68c94472a3d185d3da6f8f5a"}
{"level":"error","message":"Помилка отримання правопорушень: Cannot read properties of undefined (reading 'id')","timestamp":"2025-09-16 20:59:04:594"}
{"ip":"192.168.3.27","level":"error","message":"Cannot read properties of undefined (reading 'id')","method":"GET","name":"TypeError","stack":"TypeError: Cannot read properties of undefined (reading 'id')\n    at ViolationsController.getViolations (D:\\projects\\React-native\\citizen_back\\src\\controllers\\violations.controller.js:157:31)\n    at process.processTicksAndRejections (node:internal/process/task_queues:105:5)","timestamp":"2025-09-16 20:59:04:594","url":"/api/violations"}
{"level":"error","message":"Помилка отримання правопорушень: Cannot read properties of undefined (reading 'id')","timestamp":"2025-09-16 21:01:02:12"}
{"ip":"192.168.3.27","level":"error","message":"Cannot read properties of undefined (reading 'id')","method":"GET","name":"TypeError","stack":"TypeError: Cannot read properties of undefined (reading 'id')\n    at ViolationsController.getViolations (D:\\projects\\React-native\\citizen_back\\src\\controllers\\violations.controller.js:157:31)\n    at process.processTicksAndRejections (node:internal/process/task_queues:105:5)","timestamp":"2025-09-16 21:01:02:12","url":"/api/violations"}
{"endpoint":"/api/auth/me","ip":"192.168.3.27","level":"warn","message":"Помилка автентифікації: Токен доступу прострочений","timestamp":"2025-09-16 22:19:57:1957"}
{"ip":"192.168.3.27","level":"error","message":"Токен доступу прострочений","method":"GET","name":"AppError","stack":"AppError: Токен доступу прострочений\n    at TokenService.validateAccessToken (D:\\projects\\React-native\\citizen_back\\src\\services\\token.service.js:158:15)\n    at authenticate (D:\\projects\\React-native\\citizen_back\\src\\middleware\\auth.middleware.js:41:34)\n    at Layer.handleRequest (D:\\projects\\React-native\\citizen_back\\node_modules\\router\\lib\\layer.js:152:17)\n    at next (D:\\projects\\React-native\\citizen_back\\node_modules\\router\\lib\\route.js:157:13)\n    at Route.dispatch (D:\\projects\\React-native\\citizen_back\\node_modules\\router\\lib\\route.js:117:3)\n    at handle (D:\\projects\\React-native\\citizen_back\\node_modules\\router\\index.js:435:11)\n    at Layer.handleRequest (D:\\projects\\React-native\\citizen_back\\node_modules\\router\\lib\\layer.js:152:17)\n    at D:\\projects\\React-native\\citizen_back\\node_modules\\router\\index.js:295:15\n    at processParams (D:\\projects\\React-native\\citizen_back\\node_modules\\router\\index.js:582:12)\n    at next (D:\\projects\\React-native\\citizen_back\\node_modules\\router\\index.js:291:5)","timestamp":"2025-09-16 22:19:57:1957","url":"/api/auth/me"}
{"level":"info","message":"Оновлено refresh tokens для користувача: 68c94472a3d185d3da6f8f5a","timestamp":"2025-09-16 22:20:13:2013"}
{"level":"info","message":"Збережено refresh token для користувача 68c94472a3d185d3da6f8f5a","timestamp":"2025-09-16 22:20:13:2013"}
{"level":"info","message":"Користувач увійшов: test@gmail.com","timestamp":"2025-09-16 22:20:13:2013"}
{"level":"info","message":"Користувач увійшов: test@gmail.com","timestamp":"2025-09-16 22:20:13:2013","userId":"68c94472a3d185d3da6f8f5a"}
{"level":"error","message":"Помилка отримання правопорушень: Cannot read properties of undefined (reading 'id')","timestamp":"2025-09-16 22:20:14:2014"}
{"ip":"192.168.3.27","level":"error","message":"Cannot read properties of undefined (reading 'id')","method":"GET","name":"TypeError","stack":"TypeError: Cannot read properties of undefined (reading 'id')\n    at ViolationsController.getViolations (D:\\projects\\React-native\\citizen_back\\src\\controllers\\violations.controller.js:157:31)\n    at process.processTicksAndRejections (node:internal/process/task_queues:105:5)","timestamp":"2025-09-16 22:20:14:2014","url":"/api/violations"}
{"level":"error","message":"Помилка отримання правопорушень: Cannot read properties of undefined (reading 'id')","timestamp":"2025-09-16 22:20:17:2017"}
{"ip":"192.168.3.27","level":"error","message":"Cannot read properties of undefined (reading 'id')","method":"GET","name":"TypeError","stack":"TypeError: Cannot read properties of undefined (reading 'id')\n    at ViolationsController.getViolations (D:\\projects\\React-native\\citizen_back\\src\\controllers\\violations.controller.js:157:31)\n    at process.processTicksAndRejections (node:internal/process/task_queues:105:5)","timestamp":"2025-09-16 22:20:17:2017","url":"/api/violations"}
{"endpoint":"/api/auth/me","level":"info","message":"Авторизований запит від користувача: test@gmail.com","method":"GET","timestamp":"2025-09-16 22:24:28:2428","userId":"68c94472a3d185d3da6f8f5a"}
{"level":"error","message":"Помилка отримання правопорушень: Cannot read properties of undefined (reading 'id')","timestamp":"2025-09-16 22:24:28:2428"}
{"ip":"192.168.3.27","level":"error","message":"Cannot read properties of undefined (reading 'id')","method":"GET","name":"TypeError","stack":"TypeError: Cannot read properties of undefined (reading 'id')\n    at ViolationsController.getViolations (D:\\projects\\React-native\\citizen_back\\src\\controllers\\violations.controller.js:157:31)\n    at process.processTicksAndRejections (node:internal/process/task_queues:105:5)","timestamp":"2025-09-16 22:24:28:2428","url":"/api/violations"}
{"errors":[{"location":"body","message":"Опис є обов'язковим полем","value":""},{"location":"body","message":"Опис має містити принаймні 10 символів","value":""},{"location":"body","message":"Категорія є обов'язковим полем","value":""},{"location":"body","message":"Категорія має бути одним з: traffic, environment, public_safety, infrastructure, other","value":""},{"location":"body","message":"Дата та час є обов'язковим полем"},{"location":"body","message":"Невірний формат дати"},{"location":"body","message":"Локація є обов'язковим полем"},{"location":"body","message":"Локація має бути об'єктом"},{"location":"body","message":"Тип локації має бути Point"},{"location":"body","message":"Координати мають містити довготу та широту"},{"location":"body","message":"coordinates is not iterable"}],"level":"warn","message":"Помилка валідації","method":"POST","timestamp":"2025-09-16 22:25:13:2513","url":"/api/violations","userId":"68c94472a3d185d3da6f8f5a"}
{"level":"info","message":"Cloudinary сконфігуровано успішно","timestamp":"2025-09-16 22:38:53:3853"}
{"cloudinaryCloudName":"set","jwtAccessSecret":"set","level":"info","message":"Перевірка конфігурації змінних середовища:","mongodbUri":"set","nodeEnv":"development","port":"3000","redisUrl":"set","timestamp":"2025-09-16 22:38:54:3854"}
{"level":"info","message":"Конфігурація перевірена успішно","timestamp":"2025-09-16 22:38:54:3854"}
{"0":"C","1":"o","10":" ","11":"t","12":"i","13":"m","14":"e","15":"o","16":"u","17":"t","2":"n","3":"n","4":"e","5":"c","6":"t","7":"i","8":"o","9":"n","level":"warn","message":"Не вдалося підключитися до Redis для user.repository:","timestamp":"2025-09-16 22:38:54:3854"}
{"0":"C","1":"o","10":" ","11":"t","12":"i","13":"m","14":"e","15":"o","16":"u","17":"t","2":"n","3":"n","4":"e","5":"c","6":"t","7":"i","8":"o","9":"n","level":"warn","message":"Redis помилка:","timestamp":"2025-09-16 22:38:54:3854"}
{"level":"info","message":"Redis підключено для cloudinary сервісу","timestamp":"2025-09-16 22:38:54:3854"}
{"level":"info","message":"Redis підключено для violations сервісу","timestamp":"2025-09-16 22:38:54:3854"}
{"level":"info","message":"Redis підключено для sync сервісу","timestamp":"2025-09-16 22:38:54:3854"}
{"level":"info","message":"Redis підключено","timestamp":"2025-09-16 22:38:54:3854"}
{"level":"info","message":"Mongoose підключено до MongoDB","timestamp":"2025-09-16 22:38:55:3855"}
{"level":"info","message":"Успішно підключено до MongoDB: mongodb+srv://CourseDb:f85iYne04HZelgO6@coursework.h6pcwbr.mongodb.net/?retryWrites=true&w=majority&appName=CourseWork","timestamp":"2025-09-16 22:38:55:3855"}
{"level":"info","message":"База даних успішно підключена","timestamp":"2025-09-16 22:38:55:3855"}
{"environment":"development","host":"0.0.0.0","level":"info","message":"🚀 Сервер запущено на http://0.0.0.0:3000","pid":10540,"port":"3000","timestamp":"2025-09-16 22:38:55:3855"}
{"cloudinaryUrl":"not set","jwtSecret":"***","level":"info","message":"Серверна конфігурація:","mongodbUri":"***","nodeEnv":"development","redisUrl":"set","timestamp":"2025-09-16 22:38:55:3855"}
{"level":"info","message":"Отримано SIGINT. Закриття з'єднання з MongoDB...","timestamp":"2025-09-16 22:46:58:4658"}
